timestamp,site_id,rainfall_24h_mm,forecast_24h_mm,tide_level_m,water_depth_m,days_since_cleanup,urban_density_idx,barrier_compromised_flag,latent_score,is_high_accumulation_48h
2025-06-01,MHM-01,102.42,127.6,2.62,1.88,23,2,1,127.3,1
2025-06-01,VSV-01,66.37,76.7,3.59,1.47,30,2,1,91.9,1
2025-06-01,VSV-01,224.17,252.9,3.79,3.52,28,2,0,168.9,1
2025-06-01,MHM-01,117.01,98.26,4.78,2.58,3,2,0,101.6,1
2025-06-01,MHM-01,54.79,74.74,4.15,1.54,20,2,0,68.4,1
2025-06-01,MLD-02,84.66,61.3,3.68,1.73,4,3,0,70.1,1
2025-06-01,WR-01,91.27,65.89,2.94,1.74,10,2,0,73.7,1
2025-06-02,MTH-01,29.72,23.11,3.07,0.97,32,4,0,58.0,1
2025-06-02,MLD-01,0.0,0.0,2.53,0.6,14,3,0,40.2,0
2025-06-02,MTH-02,7.43,5.8,1.35,0.69,34,4,1,80.0,1
2025-06-02,MHM-01,5.43,5.04,1.88,0.67,27,2,0,43.0,0
2025-06-02,MTH-02,107.8,148.29,1.31,1.95,29,4,0,116.6,1
2025-06-02,WR-01,104.24,114.59,2.25,1.9,21,2,0,85.2,1
2025-06-02,MTH-01,79.64,77.76,1.31,1.6,33,4,0,82.0,1
2025-06-03,MLD-02,18.2,21.6,4.0,1.03,15,3,0,40.0,0
2025-06-03,MLD-02,75.14,84.1,4.45,1.92,6,3,0,86.3,1
2025-06-03,MLD-02,0.78,1.04,4.55,1.03,28,3,0,57.2,1
2025-06-03,WR-01,0.0,0.0,4.15,0.86,3,2,1,46.2,0
2025-06-03,VSV-01,16.39,17.03,3.11,0.8,24,2,0,43.9,0
2025-06-03,WR-01,1.91,2.09,2.38,0.62,12,2,0,20.1,0
2025-06-04,MHM-01,0.36,0.43,3.67,0.67,1,2,0,15.6,0
2025-06-04,MTH-01,0.0,0.0,4.1,0.84,16,4,0,50.9,0
2025-06-04,MLD-01,20.03,23.52,2.8,0.85,19,3,0,39.7,0
2025-06-04,MTH-01,23.17,27.26,0.92,0.89,6,4,0,55.0,1
2025-06-04,MLD-02,0.0,0.0,1.33,0.6,5,3,0,17.5,0
2025-06-04,WR-01,9.25,11.76,1.47,0.72,6,2,0,25.2,0
2025-06-04,MTH-02,29.88,24.01,1.75,0.97,23,4,0,57.8,1
2025-06-05,VSV-01,0.0,0.0,1.4,0.6,8,2,0,11.3,0
2025-06-05,WR-01,6.02,7.36,2.31,0.68,17,2,0,30.1,0
2025-06-05,WR-01,17.28,20.46,2.78,0.82,33,2,1,70.2,1
2025-06-05,MTH-02,7.07,8.14,1.35,0.69,19,4,0,44.7,0
2025-06-05,MLD-01,31.25,41.49,4.27,1.3,24,3,0,69.8,1
2025-06-05,MTH-01,15.36,13.55,4.55,1.21,9,4,0,59.6,1
2025-06-05,MTH-01,0.0,0.0,3.76,0.7,29,4,0,42.3,0
2025-06-06,VSV-01,24.04,19.8,1.27,0.9,24,2,0,45.5,0
2025-06-06,WR-01,90.22,124.02,1.69,1.73,21,2,1,110.2,1
2025-06-06,MTH-01,5.67,4.64,2.58,0.67,3,4,0,31.5,0
2025-06-06,VSV-01,1.56,1.83,3.08,0.62,2,2,0,9.1,0
2025-06-06,VSV-01,28.43,33.89,3.75,1.06,26,2,0,42.4,0
2025-06-06,MTH-01,21.47,16.26,4.27,1.17,23,4,1,85.3,1
2025-06-07,VSV-01,17.31,20.78,1.11,0.82,16,2,0,40.2,0
2025-06-07,VSV-01,17.63,19.89,0.99,0.82,16,2,1,50.9,0
2025-06-07,MLD-02,30.11,21.94,2.28,0.98,26,3,1,56.1,1
2025-06-07,TRM-01,0.0,0.0,1.7,0.6,1,2,0,14.9,0
2025-06-07,WR-01,3.06,2.23,4.01,0.84,33,2,0,28.5,0
2025-06-07,MTH-02,0.0,0.0,4.34,0.94,22,4,0,50.1,0
2025-06-07,MLD-02,1.81,2.05,3.64,0.68,16,3,0,47.4,0
2025-06-08,MTH-02,27.17,20.37,3.85,1.08,26,4,0,57.7,1
2025-06-08,WR-01,0.0,0.0,1.6,0.6,12,2,1,48.4,0
2025-06-08,MTH-02,13.94,14.38,2.76,0.77,23,4,1,59.6,1
2025-06-08,WR-01,23.23,17.0,3.79,1.01,32,2,0,37.5,0
2025-06-08,TRM-01,27.25,30.83,4.21,1.22,20,2,0,60.9,1
2025-06-08,MTH-02,18.85,14.89,4.47,1.22,12,4,0,64.0,1
2025-06-08,MTH-01,24.51,20.71,4.1,1.15,2,4,1,67.2,1
2025-06-09,MLD-01,4.27,3.34,3.1,0.65,29,3,1,72.7,1
2025-06-09,MTH-01,40.56,36.4,2.25,1.11,18,4,0,52.6,0
2025-06-09,VSV-01,6.67,9.01,1.5,0.68,13,2,0,33.7,0
2025-06-09,MLD-01,0.0,0.0,1.41,0.6,22,3,0,32.9,0
2025-06-09,MLD-01,8.8,6.23,1.35,0.71,19,3,0,34.2,0
2025-06-09,VSV-01,11.66,10.56,1.94,0.75,23,2,0,23.4,0
2025-06-10,MHM-01,24.33,29.74,3.35,0.9,25,2,0,43.2,0
2025-06-10,MLD-02,0.0,0.0,4.04,0.82,26,3,0,57.4,1
2025-06-10,TRM-01,2.44,2.7,4.39,0.99,4,2,0,31.4,0
2025-06-10,WR-01,14.0,9.91,3.86,0.92,28,2,0,42.7,0
2025-06-10,TRM-01,7.1,5.55,3.34,0.69,17,2,1,44.3,0
2025-06-10,MHM-01,0.0,0.0,2.49,0.6,5,2,0,10.6,0
2025-06-10,MHM-01,10.55,9.03,4.09,0.97,2,2,1,50.5,0
2025-06-11,WR-01,11.05,13.94,2.48,0.74,21,2,1,57.4,1
2025-06-11,TRM-01,133.79,100.57,1.83,2.27,18,2,1,113.2,1
2025-06-11,MTH-01,28.32,28.83,1.48,0.95,16,4,0,65.8,1
2025-06-11,MLD-01,4.24,5.78,1.2,0.65,28,3,0,46.7,0
2025-06-11,MTH-02,0.84,0.86,1.69,0.61,28,4,0,28.8,0
2025-06-11,MLD-02,114.95,136.64,2.51,2.04,20,3,0,102.0,1
2025-06-11,VSV-01,0.0,0.0,3.69,0.68,2,2,1,51.4,0
2025-06-12,MTH-01,34.61,25.36,1.65,1.03,3,4,0,42.8,0
2025-06-12,MTH-01,2.72,2.3,2.83,0.63,4,4,0,22.3,0
2025-06-12,TRM-01,223.83,312.83,3.94,3.57,10,2,0,170.4,1
2025-06-12,MHM-01,0.0,0.0,4.45,0.98,27,2,0,45.6,0
2025-06-12,WR-01,51.29,37.53,4.15,1.5,1,2,0,48.4,0
2025-06-12,MTH-01,12.71,12.59,4.22,1.05,6,4,0,49.1,0
2025-06-13,MHM-01,108.15,89.34,3.17,1.95,32,2,0,101.3,1
2025-06-13,MLD-02,160.22,122.07,1.6,2.6,23,3,0,124.5,1
2025-06-13,TRM-01,129.91,173.07,1.25,2.22,34,2,0,113.9,1
2025-06-13,MHM-01,124.4,117.41,1.52,2.16,30,2,0,98.6,1
2025-06-13,MLD-01,134.25,137.14,1.83,2.28,20,3,0,110.6,1
2025-06-13,MTH-02,96.47,81.65,2.21,1.81,23,4,1,119.2,1
2025-06-13,TRM-01,188.38,161.39,3.88,3.11,22,2,1,161.7,1
2025-06-14,MLD-02,0.0,0.0,1.66,0.6,25,3,0,25.8,0
2025-06-14,MLD-02,12.99,12.32,1.25,0.76,22,3,0,57.1,1
2025-06-14,MHM-01,0.0,0.0,2.3,0.6,25,2,0,14.7,0
2025-06-14,MTH-01,111.52,118.0,4.29,2.31,17,4,0,104.6,1
2025-06-14,MTH-01,91.81,127.65,4.08,1.98,14,4,0,103.0,1
2025-06-14,MHM-01,16.22,19.53,3.34,0.8,23,2,0,30.1,0
2025-06-14,MTH-01,91.32,121.09,4.29,2.06,27,4,1,128.1,1
2025-06-15,VSV-01,19.73,21.61,0.99,0.85,26,2,0,30.7,0
2025-06-15,MLD-01,7.33,10.19,1.32,0.69,22,3,0,41.8,0
2025-06-15,WR-01,2.9,2.36,2.71,0.64,31,2,1,48.2,0
2025-06-15,MTH-01,0.0,0.0,3.62,0.65,31,4,0,46.3,0
2025-06-15,MLD-02,92.69,121.04,4.07,1.99,2,3,0,93.7,1
2025-06-15,VSV-01,13.13,16.9,4.26,1.07,20,2,0,51.8,0
2025-06-16,MLD-02,5.64,6.27,1.22,0.67,14,3,0,46.4,0
2025-06-16,TRM-01,1.31,1.06,1.28,0.62,14,2,0,18.7,0
2025-06-16,MLD-01,0.0,0.0,1.71,0.6,8,3,0,26.3,0
2025-06-16,MHM-01,29.39,36.37,4.24,1.26,13,2,0,44.6,0
2025-06-16,MTH-02,0.0,0.0,3.32,0.6,30,4,1,61.2,1
2025-06-16,MTH-01,7.9,8.04,4.01,0.9,2,4,0,56.7,1
2025-06-16,TRM-01,44.72,61.51,2.22,1.16,9,2,1,63.5,1
2025-06-17,MLD-02,12.1,13.58,4.83,1.28,29,3,0,69.2,1
2025-06-17,MLD-02,36.38,25.78,4.16,1.32,26,3,0,80.8,1
2025-06-17,WR-01,30.06,31.43,4.29,1.29,13,2,1,75.9,1
2025-06-17,MLD-02,165.01,202.41,4.11,2.9,33,3,1,176.2,1
2025-06-17,MLD-01,6.42,5.12,3.36,0.68,30,3,0,50.7,0
2025-06-17,MTH-02,16.96,22.63,2.35,0.81,6,4,0,42.4,0
2025-06-17,TRM-01,5.04,6.17,1.52,0.66,33,2,0,35.9,0
2025-06-18,TRM-01,44.09,60.47,3.1,1.15,23,2,0,48.9,0
2025-06-18,WR-01,21.72,29.07,2.61,0.87,12,2,1,48.1,0
2025-06-18,VSV-01,28.4,38.22,1.64,0.96,28,2,0,51.2,0
2025-06-18,MTH-01,10.45,12.71,1.15,0.73,21,4,1,65.8,1
2025-06-18,MLD-02,0.0,0.0,1.23,0.6,15,3,0,37.3,0
2025-06-18,MTH-01,33.18,28.0,1.61,1.01,25,4,0,68.8,1
2025-06-19,MLD-01,8.08,7.19,2.8,0.7,23,3,0,51.6,0
2025-06-19,MTH-01,9.34,10.2,3.66,0.78,29,4,1,70.7,1
2025-06-19,TRM-01,8.28,10.65,3.99,0.9,2,2,0,33.6,0
2025-06-19,WR-01,6.9,6.51,2.75,0.69,24,2,0,44.5,0
2025-06-19,MTH-02,25.5,21.03,4.04,1.13,7,4,0,51.7,0
2025-06-19,MLD-02,10.2,13.67,3.74,0.82,22,3,0,28.5,0
2025-06-19,TRM-01,9.18,9.17,4.31,1.04,30,2,1,81.7,1
2025-06-20,TRM-01,6.71,5.92,1.96,0.68,12,2,0,9.7,0
2025-06-20,TRM-01,9.75,10.59,2.21,0.72,22,2,0,27.4,0
2025-06-20,MHM-01,58.46,41.46,1.05,1.33,2,2,0,57.1,1
2025-06-20,MTH-01,51.8,53.93,3.3,1.25,17,4,0,66.3,1
2025-06-20,MHM-01,18.59,24.57,1.79,0.83,32,2,0,47.1,0
2025-06-20,VSV-01,30.24,35.12,2.28,0.98,8,2,1,48.4,0
2025-06-20,VSV-01,49.2,63.04,1.47,1.22,21,2,0,47.4,0
2025-06-21,MTH-01,3.76,4.06,3.76,0.75,22,4,0,51.9,0
2025-06-21,MLD-02,0.0,0.0,4.51,1.01,6,3,0,50.6,0
2025-06-21,TRM-01,42.26,44.31,4.33,1.46,12,2,1,75.3,1
2025-06-21,MTH-02,0.0,0.0,4.1,0.84,34,4,0,49.8,0
2025-06-21,MTH-01,14.09,15.52,3.23,0.78,2,4,1,66.4,1
2025-06-21,MLD-01,0.71,0.54,2.44,0.61,34,3,0,49.9,0
2025-06-22,MTH-02,19.85,27.78,3.97,1.04,7,4,1,94.0,1
2025-06-22,MTH-01,60.43,69.66,3.53,1.37,26,4,1,100.3,1
2025-06-22,VSV-01,34.77,39.89,2.92,1.03,16,2,0,50.2,0
2025-06-22,VSV-01,72.33,87.73,1.85,1.5,17,2,0,53.9,0
2025-06-22,TRM-01,27.65,27.77,1.32,0.95,30,2,1,63.7,1
2025-06-22,TRM-01,0.0,0.0,0.98,0.6,17,2,0,20.4,0
2025-06-22,MLD-02,7.54,5.76,1.52,0.69,12,3,0,35.5,0
2025-06-23,VSV-01,10.58,13.9,2.0,0.73,34,2,1,42.9,0
2025-06-23,MHM-01,0.74,0.72,1.92,0.61,10,2,1,36.2,0
2025-06-23,MLD-02,18.79,23.73,3.27,0.83,13,3,0,42.5,0
2025-06-23,MHM-01,10.32,12.55,1.16,0.73,14,2,0,25.3,0
2025-06-23,WR-01,0.0,0.0,4.57,1.03,14,2,0,43.3,0
2025-06-23,TRM-01,31.77,26.52,4.37,1.34,29,2,0,54.7,0
2025-06-23,MLD-01,18.03,18.69,3.73,0.92,26,3,0,57.3,1
2025-06-24,MTH-02,4.84,4.18,1.29,0.66,24,4,1,66.8,1
2025-06-24,MLD-01,78.86,98.61,1.73,1.59,24,3,0,74.6,1
2025-06-24,TRM-01,121.75,148.58,2.46,2.12,29,2,0,97.5,1
2025-06-24,TRM-01,44.72,35.07,3.26,1.16,3,2,0,33.5,0
2025-06-24,TRM-01,0.0,0.0,4.17,0.87,17,2,1,52.7,0
2025-06-24,VSV-01,12.43,14.12,4.01,0.96,28,2,0,39.2,0
2025-06-25,WR-01,95.25,74.4,1.19,1.79,19,2,0,74.1,1
2025-06-25,MTH-02,109.01,145.65,1.18,1.96,2,4,0,101.4,1
2025-06-25,MTH-01,126.9,150.93,1.79,2.19,31,4,0,117.9,1
2025-06-25,TRM-01,115.2,144.95,2.62,2.04,13,2,0,93.5,1
2025-06-25,MHM-01,98.7,72.46,4.04,2.05,13,2,0,79.9,1
2025-06-25,MLD-01,192.59,243.94,4.45,3.39,34,3,0,189.2,1
2025-06-25,TRM-01,133.01,137.85,3.46,2.26,34,2,0,110.3,1
2025-06-26,MTH-02,119.66,116.61,1.62,2.1,22,4,0,98.8,1
2025-06-26,VSV-01,152.57,124.56,2.91,2.51,1,2,1,121.7,1
2025-06-26,VSV-01,111.01,153.35,3.63,2.04,7,2,1,106.9,1
2025-06-26,MTH-01,5.95,6.2,4.27,0.98,26,4,1,89.4,1
2025-06-26,MTH-02,158.84,158.58,4.21,2.87,29,4,0,142.1,1
2025-06-26,MLD-02,46.3,57.46,4.16,1.44,3,3,0,58.1,1
2025-06-26,MLD-02,0.0,0.0,3.44,0.6,15,3,0,24.0,0
2025-06-27,MLD-01,111.41,89.65,1.59,1.99,18,3,0,84.1,1
2025-06-27,MHM-01,30.83,35.76,1.8,0.99,24,2,1,71.1,1
2025-06-27,WR-01,2.16,1.75,1.02,0.63,2,2,0,24.5,0
2025-06-27,MLD-01,0.0,0.0,3.1,0.6,16,3,0,26.4,0
2025-06-27,MLD-02,0.75,0.98,2.28,0.61,7,3,0,29.9,0
2025-06-27,VSV-01,4.75,6.36,1.78,0.66,20,2,0,39.9,0
2025-06-28,MLD-02,115.88,92.68,2.84,2.05,20,3,0,90.4,1
2025-06-28,VSV-01,0.0,0.0,3.15,0.6,13,2,1,43.1,0
2025-06-28,TRM-01,0.0,0.0,3.99,0.8,15,2,1,44.3,0
2025-06-28,MHM-01,26.08,35.62,4.6,1.37,31,2,0,78.8,1
2025-06-28,MTH-02,71.62,97.63,4.54,1.91,7,4,0,98.0,1
2025-06-28,VSV-01,17.21,21.89,4.27,1.12,14,2,1,62.2,1
2025-06-28,WR-01,20.19,23.32,3.63,0.91,19,2,0,35.2,0
2025-06-29,MTH-02,22.96,27.85,3.64,0.94,30,4,1,76.6,1
2025-06-29,MLD-02,10.34,9.24,2.92,0.73,12,3,0,33.6,0
2025-06-29,MTH-02,33.01,32.94,1.03,1.01,20,4,0,44.4,0
2025-06-29,MTH-02,51.49,56.9,1.79,1.24,2,4,0,52.9,0
2025-06-29,MLD-01,2.26,3.16,1.76,0.63,10,3,0,27.9,0
2025-06-29,MLD-02,33.18,43.48,2.39,1.01,18,3,1,72.0,1
2025-06-29,TRM-01,0.0,0.0,1.26,0.6,30,2,0,17.7,0
2025-06-30,MLD-02,8.06,8.54,4.05,0.92,14,3,0,41.2,0
2025-06-30,MTH-01,25.42,19.49,4.2,1.2,28,4,0,76.8,1
2025-06-30,TRM-01,0.0,0.0,3.99,0.8,23,2,0,48.1,0
2025-06-30,MLD-01,55.25,55.77,3.63,1.34,12,3,0,43.8,0
2025-06-30,MTH-01,11.71,13.02,2.77,0.75,12,4,0,27.8,0
2025-06-30,MTH-01,29.22,29.58,2.2,0.97,20,4,0,62.9,1
2025-07-01,MTH-01,27.75,32.57,3.37,0.95,5,4,0,36.1,0
2025-07-01,WR-01,25.03,35.03,4.11,1.16,9,2,1,65.1,1
2025-07-01,WR-01,14.25,16.14,2.51,0.78,12,2,1,58.8,1
2025-07-01,MLD-01,5.64,5.95,1.36,0.67,31,3,0,44.0,0
2025-07-01,MLD-01,13.79,16.09,1.47,0.77,8,3,0,24.0,0
2025-07-01,MTH-01,31.75,25.69,1.88,1.0,26,4,0,48.1,0
2025-07-01,MTH-02,0.0,0.0,1.56,0.6,6,4,1,47.8,0
2025-07-02,TRM-01,42.06,32.65,1.77,1.13,15,2,0,33.8,0
2025-07-02,MTH-02,34.88,36.64,2.57,1.04,2,4,0,47.2,0
2025-07-02,MTH-01,17.09,17.28,3.29,0.81,8,4,0,38.4,0
2025-07-02,MHM-01,9.04,9.81,1.43,0.71,21,2,1,60.6,1
2025-07-02,MTH-02,53.88,49.68,4.3,1.59,7,4,1,103.0,1
2025-07-02,MHM-01,32.55,42.8,4.1,1.25,19,2,0,47.6,0
2025-07-02,MHM-01,22.85,25.75,3.66,0.95,29,2,0,54.9,0
2025-07-03,MHM-01,58.57,43.92,1.24,1.33,15,2,1,76.3,1
2025-07-03,TRM-01,7.13,5.5,1.28,0.69,27,2,0,32.0,0
2025-07-03,MLD-02,16.69,15.32,3.03,0.81,13,3,0,42.4,0
2025-07-03,MTH-01,15.7,12.34,3.63,0.85,31,4,0,58.0,1
2025-07-03,VSV-01,39.16,32.49,4.14,1.34,7,2,0,55.2,1
2025-07-03,MLD-02,0.0,0.0,4.42,0.97,21,3,0,52.9,0
2025-07-04,MLD-01,11.37,11.51,1.37,0.74,4,3,0,24.0,0
2025-07-04,MTH-02,61.06,75.77,1.42,1.36,3,4,0,53.8,0
2025-07-04,MTH-01,8.88,9.91,1.58,0.71,7,4,0,35.3,0
2025-07-04,MTH-01,2.57,3.2,3.83,0.77,10,4,0,35.1,0
2025-07-04,MLD-01,22.38,22.74,2.78,0.88,34,3,0,54.8,0
2025-07-04,TRM-01,0.0,0.0,2.35,0.6,32,2,0,45.2,0
2025-07-04,MTH-01,39.2,45.18,4.17,1.36,8,4,0,56.9,1
2025-07-05,MTH-01,2.2,2.08,1.76,0.63,2,4,0,22.2,0
2025-07-05,MLD-02,2.45,2.64,2.53,0.63,3,3,1,51.4,0
2025-07-05,MTH-02,138.91,161.59,3.53,2.35,30,4,0,128.8,1
2025-07-05,WR-01,18.13,24.85,4.04,1.04,16,2,0,36.3,0
2025-07-05,WR-01,11.76,14.45,4.55,1.17,20,2,0,41.1,0
2025-07-05,WR-01,2.49,2.44,4.36,0.98,30,2,0,54.1,0
2025-07-05,WR-01,3.32,4.15,4.0,0.84,12,2,0,39.3,0
2025-07-06,MTH-02,0.0,0.0,3.18,0.6,21,4,0,29.2,0
2025-07-06,MTH-01,17.6,16.08,2.31,0.82,4,4,0,20.6,0
2025-07-06,WR-01,65.51,68.64,1.77,1.42,30,2,0,66.9,1
2025-07-06,WR-01,30.79,24.59,1.39,0.98,15,2,0,33.5,0
2025-07-06,MTH-02,0.0,0.0,1.23,0.6,10,4,0,36.4,0
2025-07-06,MTH-01,13.28,12.21,1.38,0.77,16,4,0,45.1,0
2025-07-07,MLD-02,148.45,186.23,3.22,2.46,7,3,0,104.4,1
2025-07-07,MLD-02,116.27,100.02,3.6,2.1,29,3,0,93.9,1
2025-07-07,MTH-01,72.7,54.69,4.13,1.76,7,4,0,84.8,1
2025-07-07,MLD-01,81.7,69.3,4.64,2.08,31,3,0,100.3,1
2025-07-07,MTH-01,58.01,72.15,3.61,1.37,31,4,0,73.6,1
2025-07-07,TRM-01,122.39,156.37,2.68,2.13,21,2,1,124.5,1
2025-07-07,MTH-02,113.71,79.63,4.17,2.29,23,4,1,127.7,1
2025-07-08,MTH-02,8.67,8.8,3.33,0.71,23,4,0,42.5,0
2025-07-08,WR-01,8.95,12.26,1.83,0.71,2,2,0,21.1,0
2025-07-08,MLD-02,3.66,2.94,1.41,0.65,29,3,0,28.9,0
2025-07-08,TRM-01,4.17,5.64,2.6,0.65,28,2,0,26.7,0
2025-07-08,WR-01,106.64,84.89,1.31,1.93,21,2,0,81.4,1
2025-07-08,WR-01,145.57,180.28,2.16,2.42,27,2,0,114.8,1
2025-07-08,TRM-01,205.39,281.74,1.07,3.17,11,2,0,147.6,1
2025-07-09,MLD-01,0.0,0.0,3.87,0.75,8,3,1,52.3,0
2025-07-09,MLD-01,25.13,31.7,3.98,1.11,31,3,0,63.4,1
2025-07-09,MLD-01,93.89,127.66,4.26,2.08,5,3,0,104.1,1
2025-07-09,WR-01,35.47,31.41,4.05,1.26,2,2,0,53.3,0
2025-07-09,MLD-01,0.0,0.0,3.38,0.6,10,3,0,35.3,0
2025-07-09,MLD-02,13.01,10.14,2.6,0.76,16,3,0,35.5,0
2025-07-10,WR-01,34.18,30.37,3.06,1.03,2,2,1,56.6,1
2025-07-10,MHM-01,0.0,0.0,3.4,0.6,13,2,0,20.5,0
2025-07-10,TRM-01,19.99,21.1,4.24,1.15,29,2,1,62.9,1
2025-07-10,MTH-02,23.3,19.92,1.34,0.89,32,4,1,81.2,1
2025-07-10,MLD-01,17.36,16.88,1.22,0.82,20,3,1,56.9,1
2025-07-10,MLD-02,0.0,0.0,1.79,0.6,9,3,0,17.6,0
2025-07-10,VSV-01,14.19,10.06,1.33,0.78,12,2,0,24.3,0
2025-07-11,MLD-01,0.0,0.0,1.47,0.6,17,3,0,20.3,0
2025-07-11,VSV-01,14.52,11.43,2.4,0.78,10,2,0,16.4,0
2025-07-11,MLD-02,0.0,0.0,2.74,0.6,31,3,0,29.2,0
2025-07-11,MLD-02,14.98,18.07,1.19,0.79,4,3,1,50.2,0
2025-07-11,MLD-02,31.3,43.64,4.21,1.27,34,3,1,87.5,1
2025-07-11,MLD-02,23.32,28.75,4.38,1.24,16,3,0,49.0,0
2025-07-11,MTH-02,32.97,41.89,3.95,1.19,13,4,0,69.3,1
2025-07-12,VSV-01,26.6,33.6,1.42,0.93,19,2,1,58.0,1
2025-07-12,TRM-01,33.36,46.29,1.84,1.02,19,2,0,41.4,0
2025-07-12,MLD-02,0.0,0.0,2.38,0.6,28,3,0,25.8,0
2025-07-12,MLD-01,32.04,29.14,3.35,1.0,20,3,0,39.9,0
2025-07-12,MLD-01,27.43,38.23,4.09,1.18,26,3,0,69.9,1
2025-07-12,MTH-01,18.34,25.42,4.43,1.2,30,4,0,65.3,1
2025-07-13,VSV-01,0.0,0.0,1.01,0.6,33,2,0,39.1,0
2025-07-13,WR-01,59.43,42.51,1.26,1.34,15,2,0,52.0,0
2025-07-13,VSV-01,7.99,7.99,1.69,0.7,9,2,0,28.5,0
2025-07-13,MLD-02,0.0,0.0,2.33,0.6,14,3,0,20.3,0
2025-07-13,MHM-01,60.59,80.98,3.24,1.36,20,2,0,54.4,0
2025-07-13,TRM-01,13.36,13.42,3.98,0.96,26,2,1,69.3,1
2025-07-13,TRM-01,28.49,38.49,4.29,1.27,5,2,0,52.1,0
2025-07-14,MTH-01,25.96,26.57,4.5,1.33,22,4,0,63.4,1
2025-07-14,MTH-02,0.0,0.0,4.21,0.88,2,4,0,39.5,0
2025-07-14,MTH-01,15.75,12.29,4.22,1.09,22,4,0,65.7,1
2025-07-14,MHM-01,15.12,19.12,3.62,0.84,32,2,0,42.9,0
2025-07-14,MLD-01,31.16,25.99,2.61,0.99,21,3,0,39.6,0
2025-07-14,TRM-01,0.0,0.0,1.67,0.6,21,2,0,18.2,0
2025-07-14,MTH-01,0.66,0.47,3.49,0.61,7,4,0,43.6,0
2025-07-15,MLD-02,17.04,20.97,3.02,0.81,28,3,0,39.8,0
2025-07-15,TRM-01,11.8,16.4,2.16,0.75,8,2,0,19.3,0
2025-07-15,MTH-02,14.29,11.05,1.69,0.78,19,4,0,48.7,0
2025-07-15,MLD-01,1.38,1.47,1.36,0.62,21,3,0,27.5,0
2025-07-15,MTH-01,9.12,12.22,1.12,0.71,20,4,0,44.6,0
2025-07-15,MTH-02,5.67,7.37,1.72,0.67,33,4,0,53.1,0
2025-07-16,WR-01,31.82,26.45,4.39,1.35,6,2,0,51.5,0
2025-07-16,MLD-02,118.99,158.37,3.76,2.19,24,3,0,120.6,1
2025-07-16,VSV-01,0.0,0.0,4.62,1.05,34,2,1,77.3,1
2025-07-16,MLD-01,54.33,58.01,3.21,1.28,26,3,1,85.3,1
2025-07-16,WR-01,0.0,0.0,3.28,0.6,16,2,0,33.9,0
2025-07-16,MHM-01,0.7,0.93,2.33,0.61,4,2,0,19.2,0
2025-07-16,TRM-01,110.98,129.57,3.8,2.11,31,2,0,105.2,1
2025-07-17,MLD-01,0.0,0.0,2.93,0.6,27,3,0,38.5,0
2025-07-17,MLD-01,35.33,34.83,1.59,1.04,17,3,0,50.8,0
2025-07-17,VSV-01,0.0,0.0,1.35,0.6,15,2,1,41.0,0
2025-07-17,MLD-01,8.83,8.53,3.49,0.71,19,3,0,25.1,0
2025-07-17,VSV-01,19.11,23.25,1.82,0.84,27,2,0,43.6,0
2025-07-17,TRM-01,10.26,13.68,2.36,0.73,11,2,0,30.8,0
2025-07-17,MLD-02,32.64,25.28,1.16,1.01,20,3,0,52.0,0
2025-07-18,WR-01,13.26,9.45,4.1,1.0,23,2,1,65.5,1
2025-07-18,MTH-01,4.68,6.26,4.51,1.06,20,4,0,64.0,1
2025-07-18,WR-01,31.32,28.6,4.16,1.25,14,2,1,78.4,1
2025-07-18,TRM-01,16.79,12.88,3.43,0.81,11,2,1,47.7,0
2025-07-18,MTH-01,4.98,6.08,3.03,0.66,22,4,0,49.4,0
2025-07-18,MHM-01,22.55,24.17,2.09,0.88,12,2,0,39.3,0
2025-07-19,TRM-01,162.3,144.46,2.53,2.63,8,2,0,103.3,1
2025-07-19,WR-01,107.39,78.16,3.4,1.94,19,2,0,79.3,1
2025-07-19,MLD-01,116.71,133.96,1.64,2.06,4,3,0,92.7,1
2025-07-19,MTH-01,94.87,107.75,3.58,1.82,20,4,1,104.6,1
2025-07-19,MTH-01,159.15,203.79,1.25,2.59,23,4,0,144.3,1
2025-07-19,VSV-01,128.72,149.47,1.41,2.21,33,2,0,102.0,1
2025-07-19,MLD-02,145.14,115.57,1.15,2.41,22,3,0,102.9,1
2025-07-20,TRM-01,126.35,92.82,4.39,2.54,33,2,0,114.0,1
2025-07-20,TRM-01,76.46,74.76,4.26,1.86,17,2,1,107.5,1
2025-07-20,MLD-01,144.57,104.2,3.92,2.57,11,3,1,127.9,1
2025-07-20,WR-01,0.06,0.05,3.37,0.6,12,2,0,23.0,0
2025-07-20,MTH-01,43.61,59.68,2.41,1.15,23,4,1,90.2,1
2025-07-20,MLD-02,27.49,21.44,1.63,0.94,18,3,1,48.5,0
2025-07-20,MHM-01,10.2,12.51,1.38,0.73,29,2,0,35.1,0
2025-07-21,MTH-02,8.58,8.71,4.62,1.16,23,4,0,68.4,1
2025-07-21,MLD-01,10.74,12.57,4.02,0.94,30,3,0,44.3,0
2025-07-21,TRM-01,41.21,35.08,3.78,1.23,28,2,0,55.1,1
2025-07-21,VSV-01,43.02,51.04,2.43,1.14,15,2,1,81.7,1
2025-07-21,MTH-02,56.31,63.01,1.05,1.3,9,4,0,63.8,1
2025-07-21,MLD-02,0.28,0.32,1.57,0.6,3,3,0,35.0,0
2025-07-22,VSV-01,0.0,0.0,4.22,0.89,24,2,0,37.7,0
2025-07-22,VSV-01,0.07,0.08,3.69,0.68,10,2,0,25.9,0
2025-07-22,MLD-02,0.0,0.0,3.03,0.6,5,3,0,33.1,0
2025-07-22,VSV-01,1.88,2.62,2.45,0.62,5,2,0,13.5,0
2025-07-22,VSV-01,14.72,20.23,1.47,0.78,27,2,1,59.5,1
2025-07-22,MTH-02,5.52,4.43,1.05,0.67,23,4,0,42.3,0
2025-07-22,MTH-02,44.08,61.22,1.07,1.15,22,4,0,55.0,0
2025-07-23,WR-01,38.77,30.52,4.25,1.38,12,2,0,60.3,1
2025-07-23,MLD-01,12.39,17.18,4.13,1.01,11,3,1,66.8,1
2025-07-23,TRM-01,13.07,14.12,4.39,1.12,12,2,1,69.3,1
2025-07-23,TRM-01,13.2,14.15,1.68,0.76,23,2,0,28.8,0
2025-07-23,MHM-01,17.04,13.9,3.33,0.81,17,2,0,29.1,0
2025-07-23,MTH-02,22.34,24.55,3.78,0.99,21,4,1,82.3,1
2025-07-23,MTH-02,44.1,52.75,2.48,1.15,21,4,0,54.0,0
2025-07-24,VSV-01,11.3,12.7,3.25,0.74,17,2,0,35.1,0
2025-07-24,WR-01,12.05,12.17,2.71,0.75,7,2,0,37.4,0
2025-07-24,VSV-01,150.48,111.6,1.6,2.48,3,2,0,83.4,1
2025-07-24,TRM-01,94.65,80.88,1.43,1.78,22,2,0,81.8,1
2025-07-24,MLD-01,52.57,56.2,1.43,1.26,12,3,0,66.8,1
2025-07-24,VSV-01,31.98,34.22,1.52,1.0,1,2,1,50.8,0
2025-07-25,WR-01,0.83,0.99,2.94,0.61,8,2,0,27.0,0
2025-07-25,MHM-01,2.17,2.5,3.72,0.72,19,2,0,31.9,0
2025-07-25,VSV-01,13.22,10.59,4.55,1.18,31,2,0,67.0,1
2025-07-25,MHM-01,9.36,8.47,4.17,0.98,29,2,0,41.8,0
2025-07-25,MHM-01,13.72,10.35,3.33,0.77,11,2,0,13.4,0
2025-07-25,TRM-01,34.2,42.35,2.98,1.03,2,2,1,62.3,1
2025-07-25,MLD-01,23.0,25.39,4.05,1.11,34,3,0,65.6,1
2025-07-26,MLD-02,27.13,23.59,2.3,0.94,24,3,0,52.6,0
2025-07-26,WR-01,15.56,12.45,1.42,0.79,31,2,0,46.7,0
2025-07-26,MTH-02,43.61,52.56,1.12,1.15,31,4,1,80.1,1
2025-07-26,TRM-01,0.0,0.0,1.25,0.6,8,2,1,41.0,0
2025-07-26,TRM-01,73.99,56.07,1.79,1.52,34,2,0,62.1,1
2025-07-26,MLD-02,61.56,83.73,2.2,1.37,12,3,0,55.5,1
2025-07-26,MTH-01,27.53,28.78,3.51,0.95,10,4,1,59.0,1
2025-07-27,WR-01,1.8,2.12,3.05,0.62,24,2,0,35.0,0
2025-07-27,MLD-02,32.57,29.99,2.3,1.01,1,3,0,50.6,0
2025-07-27,MTH-02,17.49,17.33,3.83,0.95,11,4,0,59.6,1
2025-07-27,TRM-01,29.96,34.94,3.97,1.16,30,2,0,58.6,1
2025-07-27,MLD-02,37.63,43.31,4.33,1.4,28,3,0,69.4,1
2025-07-27,MLD-01,12.13,10.27,4.14,1.01,7,3,0,30.2,0
2025-07-28,MLD-02,0.0,0.0,1.83,0.6,10,3,1,52.2,0
2025-07-28,TRM-01,62.76,80.75,1.33,1.38,25,2,0,66.8,1
2025-07-28,WR-01,16.2,18.08,1.22,0.8,26,2,0,35.8,0
2025-07-28,MLD-02,11.99,10.64,1.47,0.75,12,3,1,52.3,0
2025-07-28,TRM-01,0.0,0.0,2.63,0.6,7,2,1,35.5,0
2025-07-28,TRM-01,6.71,8.17,3.67,0.75,12,2,1,39.4,0
2025-07-28,MLD-01,25.46,27.59,4.21,1.2,32,3,0,72.1,1
2025-07-29,MTH-02,27.8,37.57,0.98,0.95,33,4,0,62.9,1
2025-07-29,MLD-01,41.48,56.54,1.72,1.12,31,3,0,56.7,1
2025-07-29,MLD-01,19.18,15.4,2.24,0.84,31,3,0,57.0,1
2025-07-29,MTH-01,21.09,19.06,4.33,1.19,3,4,0,50.7,0
2025-07-29,VSV-01,75.08,93.82,3.72,1.63,15,2,0,72.8,1
2025-07-29,TRM-01,2.93,3.04,4.21,0.92,26,2,0,56.3,1
2025-07-29,WR-01,7.75,6.64,2.91,0.7,26,2,0,30.1,0
2025-07-30,TRM-01,61.78,84.05,3.96,1.56,2,2,0,65.6,1
2025-07-30,VSV-01,0.0,0.0,4.2,0.88,1,2,0,32.9,0
2025-07-30,MTH-02,20.21,15.18,3.3,0.85,4,4,0,38.8,0
2025-07-30,MLD-01,35.09,33.26,1.4,1.04,18,3,0,50.7,0
2025-07-30,WR-01,10.88,7.95,1.73,0.74,33,2,1,50.3,0
2025-07-30,MLD-01,39.12,50.76,2.49,1.09,11,3,0,52.6,0
2025-07-31,MTH-01,89.56,111.06,4.3,2.04,10,4,0,100.0,1
2025-07-31,MLD-02,133.98,153.29,3.86,2.42,2,3,0,96.0,1
2025-07-31,VSV-01,80.01,57.64,3.59,1.64,10,2,0,58.2,1
2025-07-31,WR-01,123.57,172.41,2.28,2.14,30,2,0,95.9,1
2025-07-31,MTH-01,80.74,91.68,1.48,1.61,1,4,0,86.1,1
2025-07-31,MTH-02,171.96,123.69,1.37,2.75,5,4,1,141.2,1
2025-07-31,MTH-01,97.57,83.66,1.47,1.82,21,4,0,85.3,1
2025-08-01,MTH-02,106.32,106.43,1.75,1.93,23,4,0,94.0,1
2025-08-01,MHM-01,81.33,71.47,2.91,1.62,28,2,0,59.6,1
2025-08-01,MLD-01,115.85,122.21,3.77,2.15,34,3,0,106.7,1
2025-08-01,VSV-01,24.77,19.97,4.17,1.18,23,2,0,60.0,1
2025-08-01,MHM-01,0.0,0.0,4.3,0.92,10,2,1,55.6,1
2025-08-01,MHM-01,5.16,4.71,4.34,1.0,5,2,0,24.6,0
2025-08-01,MTH-02,5.1,4.74,3.84,0.8,14,4,1,70.0,1
2025-08-02,MHM-01,30.08,30.78,1.33,0.98,17,2,1,65.9,1
2025-08-02,MTH-01,1.08,1.02,1.82,0.61,12,4,0,40.0,0
2025-08-02,MTH-01,15.19,16.05,1.31,0.79,24,4,1,69.5,1
2025-08-02,MHM-01,34.25,24.47,2.19,1.03,17,2,0,26.1,0
2025-08-02,VSV-01,60.02,75.91,3.18,1.35,16,2,1,67.0,1
2025-08-02,MTH-02,13.41,12.78,1.56,0.77,21,4,0,49.8,0
2025-08-03,MLD-01,48.25,66.93,3.76,1.31,8,3,1,86.7,1
2025-08-03,MHM-01,5.66,7.19,4.23,0.96,14,2,0,38.0,0
2025-08-03,TRM-01,86.21,103.46,4.38,2.03,31,2,0,100.1,1
2025-08-03,MTH-01,0.0,0.0,3.22,0.6,6,4,0,19.4,0
2025-08-03,MLD-02,8.58,6.16,3.05,0.71,29,3,0,38.3,0
2025-08-03,TRM-01,77.3,80.96,2.31,1.57,32,2,0,72.3,1
2025-08-03,MTH-01,16.4,17.68,3.69,0.88,16,4,0,43.1,0
2025-08-04,MTH-01,53.9,60.58,2.37,1.27,19,4,0,58.2,1
2025-08-04,MLD-01,0.0,0.0,1.78,0.6,7,3,0,27.7,0
2025-08-04,WR-01,37.52,46.89,1.36,1.07,8,2,1,61.0,1
2025-08-04,TRM-01,100.75,77.8,1.28,1.86,5,2,1,89.1,1
2025-08-04,MLD-02,10.38,9.79,1.31,0.73,10,3,0,25.9,0
2025-08-04,MLD-01,3.76,3.38,2.83,0.65,27,3,1,60.2,1
2025-08-04,WR-01,0.0,0.0,3.52,0.61,2,2,0,29.5,0
2025-08-05,MTH-01,46.28,38.5,2.83,1.18,21,4,0,61.4,1
2025-08-05,MLD-02,50.32,64.01,1.75,1.23,19,3,0,66.0,1
2025-08-05,MTH-01,0.0,0.0,3.66,0.67,1,4,0,16.6,0
2025-08-05,MLD-01,55.07,46.36,4.49,1.68,25,3,1,108.6,1
2025-08-05,MTH-01,15.89,13.9,4.38,1.15,15,4,1,73.1,1
2025-08-05,MTH-02,29.07,27.94,3.91,1.13,32,4,0,85.4,1
2025-08-06,MTH-01,17.16,20.07,1.39,0.81,23,4,1,77.0,1
2025-08-06,MLD-02,0.0,0.0,1.11,0.6,34,3,1,54.9,0
2025-08-06,TRM-01,10.48,8.92,1.54,0.73,30,2,0,49.5,0
2025-08-06,MTH-02,55.55,53.79,1.48,1.29,3,4,0,57.6,1
2025-08-06,MTH-01,3.18,4.43,2.62,0.64,17,4,0,32.2,0
2025-08-06,WR-01,40.02,37.36,3.22,1.1,15,2,1,76.4,1
2025-08-06,MTH-02,14.41,18.01,3.77,0.89,22,4,0,56.1,1
2025-08-07,MTH-01,6.84,7.0,1.27,0.69,9,4,1,56.9,1
2025-08-07,TRM-01,60.49,45.63,1.69,1.36,5,2,0,54.6,0
2025-08-07,MHM-01,1.82,2.3,2.56,0.62,16,2,0,33.6,0
2025-08-07,MLD-02,3.05,3.24,2.96,0.64,24,3,0,39.9,0
2025-08-07,MTH-02,54.76,69.54,3.86,1.43,5,4,1,93.1,1
2025-08-07,MTH-02,9.72,13.09,4.36,1.06,10,4,0,45.4,0
2025-08-07,TRM-01,12.75,9.18,4.25,1.06,3,2,0,27.3,0
2025-08-08,TRM-01,9.83,11.84,1.19,0.72,17,2,0,9.7,0
2025-08-08,TRM-01,30.52,37.01,1.35,0.98,33,2,0,51.3,0
2025-08-08,WR-01,0.07,0.1,2.69,0.6,34,2,0,23.4,0
2025-08-08,MLD-02,5.43,4.44,3.45,0.67,15,3,0,24.1,0
2025-08-08,VSV-01,21.82,23.78,3.92,1.04,19,2,0,29.3,0
2025-08-08,VSV-01,28.91,23.71,4.0,1.16,1,2,0,37.5,0
2025-08-09,VSV-01,1.53,1.11,1.1,0.62,15,2,1,44.1,0
2025-08-09,TRM-01,13.54,9.61,1.48,0.77,18,2,0,21.9,0
2025-08-09,MLD-01,0.0,0.0,1.69,0.6,19,3,0,55.9,1
2025-08-09,VSV-01,76.27,90.58,4.35,1.89,24,2,0,87.5,1
2025-08-09,MTH-01,49.52,58.0,3.1,1.22,32,4,0,72.3,1
2025-08-09,MHM-01,0.0,0.0,3.88,0.75,1,2,1,48.1,0
2025-08-09,VSV-01,0.0,0.0,2.36,0.6,22,2,0,27.3,0
2025-08-10,TRM-01,8.69,10.11,4.18,0.98,17,2,0,27.6,0
2025-08-10,TRM-01,15.61,14.76,4.52,1.2,19,2,0,57.3,1
2025-08-10,MTH-01,8.08,9.23,3.98,0.89,9,4,0,40.0,0
2025-08-10,MHM-01,20.46,23.69,3.99,1.05,22,2,0,54.4,0
2025-08-10,MLD-01,0.0,0.0,2.5,0.6,4,3,0,19.6,0
2025-08-10,MTH-01,107.04,108.68,1.8,1.94,20,4,0,97.3,1
2025-08-10,MLD-02,0.0,0.0,3.25,0.6,2,3,0,25.9,0
2025-08-11,MLD-02,12.98,15.6,3.15,0.76,2,3,0,23.1,0
2025-08-11,MLD-02,31.08,37.98,2.79,0.99,12,3,0,56.5,1
2025-08-11,MHM-01,25.17,31.64,1.9,0.91,3,2,0,21.1,0
2025-08-11,WR-01,2.14,2.29,1.28,0.63,13,2,0,32.3,0
2025-08-11,MHM-01,3.61,4.2,1.3,0.65,23,2,0,33.9,0
2025-08-11,VSV-01,0.0,0.0,1.38,0.6,1,2,0,-2.1,0
2025-08-12,VSV-01,111.5,126.8,3.75,2.09,25,2,1,127.3,1
2025-08-12,TRM-01,115.54,138.09,2.76,2.04,19,2,0,88.0,1
2025-08-12,VSV-01,56.58,40.29,4.27,1.62,32,2,1,99.8,1
2025-08-12,WR-01,111.54,97.08,2.72,1.99,6,2,0,75.6,1
2025-08-12,MLD-01,177.02,207.46,4.16,3.08,31,3,1,173.8,1
2025-08-12,TRM-01,123.0,162.88,4.35,2.48,30,2,0,130.8,1
2025-08-12,WR-01,129.1,171.79,3.51,2.22,27,2,0,114.0,1
2025-08-13,MTH-02,32.78,25.12,3.52,1.02,29,4,0,66.4,1
2025-08-13,MLD-01,143.05,152.97,2.26,2.39,25,3,0,122.2,1
2025-08-13,VSV-01,109.22,128.25,1.62,1.97,21,2,0,88.2,1
2025-08-13,MHM-01,126.67,146.19,1.11,2.18,7,2,0,86.9,1
2025-08-13,MHM-01,1.39,1.02,1.1,0.62,14,2,1,62.0,1
2025-08-13,MTH-02,37.28,42.01,1.88,1.07,20,4,0,63.4,1
2025-08-13,MLD-01,23.53,32.18,2.51,0.89,2,3,0,43.1,0
2025-08-14,MTH-02,3.76,2.9,2.44,0.65,3,4,0,27.8,0
2025-08-14,WR-01,5.23,5.68,3.22,0.67,34,2,0,47.3,0
2025-08-14,WR-01,0.0,0.0,3.66,0.66,17,2,0,16.0,0
2025-08-14,WR-01,64.25,72.69,4.08,1.64,7,2,0,56.1,1
2025-08-14,MLD-01,55.83,46.76,4.21,1.58,9,3,0,74.6,1
2025-08-14,MLD-02,1.82,2.16,4.59,1.06,15,3,0,60.5,1
2025-08-15,WR-01,5.46,3.83,2.82,0.67,1,2,0,15.5,0
2025-08-15,MHM-01,9.1,10.93,3.45,0.71,22,2,0,20.5,0
2025-08-15,VSV-01,17.19,23.96,4.0,1.01,15,2,0,46.4,0
2025-08-15,MHM-01,5.08,5.56,1.48,0.66,10,2,0,24.3,0
2025-08-15,VSV-01,0.0,0.0,1.5,0.6,32,2,0,23.1,0
2025-08-15,MTH-01,91.17,91.88,1.89,1.74,8,4,1,97.9,1
2025-08-15,MTH-02,41.36,33.2,1.35,1.12,23,4,1,79.9,1
2025-08-16,WR-01,0.0,0.0,1.45,0.6,12,2,0,29.8,0
2025-08-16,MLD-01,1.91,1.58,2.09,0.62,8,3,0,32.0,0
2025-08-16,MTH-02,52.04,51.1,2.83,1.25,28,4,1,100.9,1
2025-08-16,MHM-01,18.84,17.64,1.24,0.84,20,2,0,21.8,0
2025-08-16,MLD-02,27.53,31.95,4.27,1.25,16,3,0,56.8,1
2025-08-16,MHM-01,18.15,22.43,4.02,1.03,9,2,0,54.4,0
2025-08-16,MLD-02,10.07,10.67,3.72,0.81,13,3,0,47.7,0
2025-08-17,WR-01,34.0,38.64,1.21,1.03,13,2,0,41.5,0
2025-08-17,MLD-02,12.17,11.51,1.75,0.75,27,3,1,57.0,1
2025-08-17,WR-01,21.36,28.78,2.54,0.87,28,2,0,54.0,0
2025-08-17,VSV-01,21.74,26.8,3.56,0.9,13,2,0,35.8,0
2025-08-17,TRM-01,29.48,30.45,4.13,1.22,17,2,0,56.9,1
2025-08-17,MLD-02,26.05,26.77,4.28,1.24,30,3,0,68.6,1
2025-08-18,TRM-01,86.19,100.63,1.74,1.68,17,2,0,75.2,1
2025-08-18,VSV-01,5.7,7.37,1.17,0.67,13,2,1,53.9,0
2025-08-18,VSV-01,16.93,15.96,1.43,0.81,28,2,0,36.5,0
2025-08-18,WR-01,0.0,0.0,2.49,0.6,11,2,0,30.0,0
2025-08-18,MHM-01,12.55,15.58,3.99,0.95,11,2,0,39.9,0
2025-08-18,MHM-01,36.49,31.6,3.38,1.06,23,2,0,60.7,1
2025-08-18,MLD-02,68.82,96.17,4.45,1.84,16,3,0,95.5,1
2025-08-19,MTH-02,129.15,139.31,1.33,2.21,27,4,1,135.5,1
2025-08-19,VSV-01,29.67,26.44,2.7,0.97,34,2,1,55.1,1
2025-08-19,VSV-01,12.83,14.92,3.7,0.84,10,2,1,58.6,1
2025-08-19,VSV-01,42.61,52.41,4.25,1.43,26,2,0,58.6,1
2025-08-19,MHM-01,55.46,73.59,4.36,1.64,1,2,0,67.9,1
2025-08-19,MTH-02,0.72,0.67,4.42,0.98,22,4,1,76.1,1
2025-08-19,TRM-01,16.23,14.63,3.43,0.8,15,2,0,30.1,0
2025-08-20,MLD-01,20.3,24.71,1.23,0.85,28,3,0,46.6,0
2025-08-20,MTH-01,0.0,0.0,1.67,0.6,31,4,1,63.2,1
2025-08-20,MHM-01,0.3,0.33,1.35,0.6,28,2,0,28.7,0
2025-08-20,TRM-01,19.53,19.01,2.9,0.84,23,2,0,36.4,0
2025-08-20,MTH-02,0.0,0.0,2.45,0.6,10,4,0,33.8,0
2025-08-20,MTH-01,0.0,0.0,1.5,0.6,29,4,0,44.7,0
2025-08-21,MLD-01,24.91,34.37,4.22,1.2,13,3,0,59.8,1
2025-08-21,MLD-02,0.0,0.0,3.31,0.6,17,3,0,33.6,0
2025-08-21,TRM-01,19.06,23.5,4.24,1.13,6,2,0,48.5,0
2025-08-21,MTH-02,27.24,29.21,4.34,1.28,20,4,0,64.5,1
2025-08-21,WR-01,13.17,12.45,3.45,0.76,17,2,0,26.2,0
2025-08-21,MLD-02,15.76,13.44,2.48,0.8,21,3,0,41.9,0
2025-08-21,TRM-01,0.0,0.0,4.14,0.86,14,2,0,32.5,0
2025-08-22,TRM-01,25.05,17.67,3.61,0.96,6,2,0,28.0,0
2025-08-22,MTH-02,5.59,4.08,2.73,0.67,34,4,0,60.0,1
2025-08-22,MTH-01,5.51,7.09,1.53,0.67,16,4,0,33.8,0
2025-08-22,MLD-02,17.4,17.09,2.54,0.82,17,3,0,42.6,0
2025-08-22,MHM-01,9.08,7.51,1.35,0.71,4,2,0,17.4,0
2025-08-22,MTH-02,0.0,0.0,2.02,0.6,14,4,0,27.5,0
2025-08-22,MLD-02,15.45,18.5,1.18,0.79,15,3,0,32.6,0
2025-08-23,MTH-02,3.04,3.29,4.23,0.93,6,4,0,42.3,0
2025-08-23,MLD-01,17.95,22.97,4.55,1.24,4,3,0,60.3,1
2025-08-23,MLD-01,6.88,8.05,4.44,1.06,11,3,0,43.2,0
2025-08-23,MTH-02,0.0,0.0,3.91,0.76,9,4,1,69.4,1
2025-08-23,MLD-01,56.08,55.74,3.09,1.3,25,3,1,87.2,1
2025-08-23,TRM-01,18.33,18.51,2.27,0.83,30,2,1,70.1,1
2025-08-24,MLD-01,106.57,91.46,2.46,1.93,29,3,0,85.3,1
2025-08-24,TRM-01,64.78,79.47,3.28,1.41,29,2,0,63.7,1
2025-08-24,MLD-01,98.61,131.45,1.88,1.83,12,3,0,70.5,1
2025-08-24,MLD-02,116.83,99.47,3.86,2.2,29,3,1,118.5,1
2025-08-24,TRM-01,73.69,66.02,1.19,1.52,26,2,0,67.4,1
2025-08-24,MTH-01,61.17,57.19,1.53,1.36,21,4,0,70.9,1
2025-08-24,MTH-01,109.8,79.95,1.04,1.97,2,4,1,115.6,1
2025-08-25,VSV-01,23.99,17.19,1.05,0.9,11,2,0,27.2,0
2025-08-25,TRM-01,35.91,36.05,2.07,1.05,24,2,0,39.6,0
2025-08-25,MTH-01,0.0,0.0,2.61,0.6,31,4,0,59.2,1
2025-08-25,WR-01,85.45,67.33,4.41,2.03,30,2,0,87.6,1
2025-08-25,MLD-01,135.5,169.83,3.98,2.49,18,3,1,133.3,1
2025-08-25,MHM-01,32.5,30.95,3.1,1.01,34,2,1,80.1,1
2025-08-25,MHM-01,107.72,149.0,4.15,2.21,9,2,0,87.8,1
2025-08-26,MLD-02,20.88,22.27,1.19,0.86,11,3,0,24.6,0
2025-08-26,MTH-01,24.56,30.62,1.6,0.91,4,4,1,75.6,1
2025-08-26,MTH-02,4.5,3.45,2.65,0.66,32,4,0,44.7,0
2025-08-26,MLD-02,75.24,69.72,3.76,1.65,16,3,1,106.6,1
2025-08-26,MTH-01,48.02,35.12,4.03,1.41,26,4,0,85.0,1
2025-08-26,MLD-02,6.3,6.46,4.24,0.97,24,3,0,66.0,1
2025-08-27,WR-01,0.0,0.0,3.81,0.72,12,2,1,45.8,0
2025-08-27,MLD-01,9.4,11.37,1.24,0.72,33,3,1,69.1,1
2025-08-27,MHM-01,0.0,0.0,1.21,0.6,34,2,0,39.8,0
2025-08-27,MLD-01,20.2,14.37,1.4,0.85,23,3,0,52.6,0
2025-08-27,MTH-02,25.52,35.11,4.48,1.31,24,4,0,89.6,1
2025-08-27,WR-01,30.12,27.27,3.25,0.98,25,2,0,46.0,0
2025-08-27,TRM-01,26.87,36.6,2.04,0.94,4,2,0,26.4,0
2025-08-28,TRM-01,49.96,55.69,4.2,1.5,5,2,0,68.6,1
2025-08-28,MLD-02,18.8,16.54,4.3,1.16,19,3,0,65.8,1
2025-08-28,TRM-01,37.44,43.86,3.85,1.21,22,2,0,62.7,1
2025-08-28,MHM-01,100.37,98.7,3.95,2.03,1,2,0,84.3,1
2025-08-28,MLD-01,59.14,64.29,2.41,1.34,2,3,0,63.8,1
2025-08-28,MLD-01,7.35,6.45,1.76,0.69,13,3,0,28.8,0
2025-08-28,MLD-02,2.16,2.1,3.11,0.63,32,3,1,61.4,1
2025-08-29,VSV-01,0.0,0.0,3.27,0.6,13,2,0,12.9,0
2025-08-29,MLD-02,24.55,31.49,2.47,0.91,14,3,1,68.3,1
2025-08-29,MTH-02,43.02,31.37,2.05,1.14,28,4,0,64.0,1
2025-08-29,VSV-01,17.03,13.54,1.45,0.81,12,2,0,34.9,0
2025-08-29,TRM-01,16.12,19.55,1.14,0.8,4,2,0,31.9,0
2025-08-29,MTH-01,26.57,24.31,1.66,0.93,23,4,0,37.1,0
2025-08-30,VSV-01,6.87,8.67,2.84,0.69,27,2,0,34.0,0
2025-08-30,MLD-02,1.56,1.16,4.04,0.84,9,3,1,66.9,1
2025-08-30,MTH-02,9.37,8.78,4.19,0.99,34,4,1,78.2,1
2025-08-30,MLD-01,92.56,89.27,2.77,1.76,14,3,1,96.2,1
2025-08-30,MTH-02,21.65,24.5,3.82,1.0,23,4,0,50.5,0
2025-08-30,WR-01,14.37,11.13,3.56,0.8,25,2,0,44.7,0
2025-08-30,MHM-01,24.3,33.24,4.39,1.26,7,2,0,38.7,0
2025-08-31,MLD-01,15.34,16.97,1.79,0.79,33,3,1,73.8,1
2025-08-31,MLD-02,79.18,56.65,2.39,1.59,15,3,0,74.3,1
2025-08-31,MHM-01,8.43,6.22,3.41,0.71,33,2,0,38.7,0
2025-08-31,MLD-01,38.89,52.15,1.01,1.09,7,3,0,39.7,0
2025-08-31,MTH-01,15.77,14.56,1.58,0.8,30,4,1,47.7,0
2025-08-31,MTH-01,9.13,8.29,2.16,0.71,31,4,0,48.8,0
2025-08-31,MHM-01,53.25,73.47,1.38,1.27,8,2,0,44.6,0
2025-09-01,MHM-01,43.09,55.09,3.69,1.22,29,2,1,90.5,1
2025-09-01,MTH-02,43.95,50.19,4.42,1.52,16,4,0,88.3,1
2025-09-01,MHM-01,21.01,17.95,4.51,1.27,22,2,1,92.9,1
2025-09-01,MHM-01,38.4,34.5,3.98,1.27,15,2,0,60.9,1
2025-09-01,MLD-01,0.0,0.0,3.21,0.6,6,3,0,13.1,0
2025-09-01,WR-01,15.07,15.65,2.64,0.79,20,2,0,30.4,0
2025-09-02,MTH-02,0.0,0.0,4.24,0.89,30,4,0,57.7,1
2025-09-02,MLD-01,35.66,35.29,3.72,1.13,4,3,1,82.0,1
2025-09-02,MHM-01,31.54,23.11,2.95,0.99,28,2,0,35.8,0
2025-09-02,MLD-01,0.0,0.0,2.01,0.6,9,3,0,40.1,0
2025-09-02,TRM-01,11.8,10.99,1.05,0.75,25,2,0,52.4,0
2025-09-02,TRM-01,0.0,0.0,1.39,0.6,22,2,0,30.4,0
2025-09-02,MTH-01,0.0,0.0,1.29,0.6,23,4,0,40.8,0
2025-09-03,MLD-02,153.55,122.02,1.39,2.52,8,3,1,137.5,1
2025-09-03,MHM-01,18.75,18.82,1.18,0.83,6,2,0,18.9,0
2025-09-03,MLD-01,0.0,0.0,2.09,0.6,13,3,0,43.9,0
2025-09-03,WR-01,1.07,1.35,3.1,0.61,33,2,0,26.1,0
2025-09-03,WR-01,31.69,33.05,3.92,1.16,22,2,1,79.4,1
2025-09-03,MTH-02,22.67,26.14,4.17,1.15,26,4,0,74.0,1
2025-09-03,TRM-01,0.0,0.0,4.49,1.0,12,2,1,68.4,1
2025-09-04,VSV-01,31.75,37.8,1.4,1.0,18,2,0,43.5,0
2025-09-04,MTH-01,24.87,20.87,1.6,0.91,24,4,0,47.6,0
2025-09-04,VSV-01,3.23,3.33,2.48,0.64,27,2,0,30.1,0
2025-09-04,TRM-01,9.89,8.28,3.11,0.72,23,2,0,32.2,0
2025-09-04,WR-01,10.21,11.43,3.68,0.8,6,2,0,26.7,0
2025-09-04,TRM-01,32.14,23.04,4.45,1.38,33,2,1,88.7,1
2025-09-05,MLD-02,153.18,194.73,1.16,2.51,3,3,1,133.3,1
2025-09-05,MTH-01,75.89,67.25,1.4,1.55,5,4,0,53.6,0
2025-09-05,WR-01,120.67,85.7,1.94,2.11,4,2,0,61.6,1
2025-09-05,MTH-02,105.41,83.03,4.46,2.3,25,4,1,123.4,1
2025-09-05,MLD-01,76.19,62.11,3.36,1.55,18,3,0,64.8,1
2025-09-05,MLD-02,91.17,83.99,4.14,1.99,25,3,0,98.5,1
2025-09-05,TRM-01,111.52,83.32,2.42,1.99,31,2,1,112.5,1
2025-09-06,MLD-02,33.29,28.71,4.17,1.28,16,3,0,53.4,0
2025-09-06,MTH-01,7.95,9.74,4.01,0.9,25,4,0,45.7,0
2025-09-06,MTH-02,18.96,16.02,3.86,0.98,18,4,1,75.5,1
2025-09-06,WR-01,0.0,0.0,3.86,0.75,17,2,0,25.0,0
2025-09-06,MTH-01,106.84,105.5,2.88,1.94,14,4,0,94.4,1
2025-09-06,WR-01,59.63,41.78,1.48,1.35,10,2,0,37.3,0
2025-09-06,TRM-01,134.07,184.47,3.43,2.28,2,2,0,95.7,1
2025-09-07,TRM-01,52.41,65.49,3.03,1.26,18,2,0,53.3,0
2025-09-07,TRM-01,6.14,4.53,2.0,0.68,34,2,1,64.2,1
2025-09-07,MLD-01,50.34,40.07,1.52,1.23,30,3,0,65.9,1
2025-09-07,MLD-01,76.6,70.4,1.37,1.56,4,3,0,69.8,1
2025-09-07,MLD-01,0.18,0.13,1.27,0.6,7,3,0,38.2,0
2025-09-07,MTH-01,43.1,50.58,1.57,1.14,17,4,0,75.0,1
2025-09-08,WR-01,12.99,13.2,3.29,0.76,20,2,0,40.9,0
2025-09-08,WR-01,12.39,8.96,3.93,0.93,14,2,0,27.3,0
2025-09-08,MLD-02,17.0,23.52,4.13,1.07,29,3,0,48.4,0
2025-09-08,TRM-01,106.33,143.84,2.46,1.93,14,2,0,92.7,1
2025-09-08,WR-01,6.05,4.54,4.1,0.91,8,2,0,28.5,0
2025-09-08,TRM-01,66.5,53.16,3.16,1.43,18,2,0,54.3,0
2025-09-08,WR-01,74.75,67.93,4.27,1.84,32,2,0,96.6,1
2025-09-09,MTH-01,2.39,2.85,1.38,0.63,27,4,0,37.3,0
2025-09-09,VSV-01,29.76,25.71,2.84,0.97,16,2,0,39.5,0
2025-09-09,MLD-02,15.14,13.58,1.3,0.79,33,3,0,52.9,0
2025-09-09,MTH-02,0.9,0.65,3.76,0.72,13,4,0,35.4,0
2025-09-09,MHM-01,34.05,36.06,1.89,1.03,25,2,0,33.8,0
2025-09-09,TRM-01,42.65,56.57,2.54,1.13,17,2,0,56.5,1
2025-09-09,MLD-02,0.0,0.0,1.18,0.6,2,3,1,63.9,1
2025-09-10,MLD-01,26.52,28.01,4.2,1.21,18,3,0,57.6,1
2025-09-10,VSV-01,4.18,5.21,4.36,1.0,29,2,0,55.7,1
2025-09-10,WR-01,49.8,46.22,4.04,1.44,22,2,0,63.8,1
2025-09-10,MHM-01,2.1,2.0,3.77,0.73,29,2,0,36.0,0
2025-09-10,MTH-02,0.0,0.0,2.94,0.6,17,4,0,33.6,0
2025-09-10,MHM-01,0.03,0.03,2.22,0.6,19,2,0,17.3,0
2025-09-11,MHM-01,8.94,12.19,4.02,0.92,33,2,0,43.3,0
2025-09-11,WR-01,9.94,7.24,3.26,0.72,15,2,0,30.2,0
2025-09-11,MTH-01,14.6,18.35,2.6,0.78,6,4,0,48.8,0
2025-09-11,TRM-01,8.99,9.72,1.83,0.71,10,2,1,39.1,0
2025-09-11,MLD-01,32.49,25.9,1.1,1.01,26,3,0,29.5,0
2025-09-11,MTH-02,62.25,51.86,1.56,1.38,1,4,0,69.2,1
2025-09-11,MTH-01,45.69,48.06,1.31,1.17,15,4,0,62.5,1
2025-09-12,WR-01,8.46,10.51,4.53,1.12,23,2,0,38.6,0
2025-09-12,MTH-01,72.89,97.84,4.39,1.87,18,4,0,104.8,1
2025-09-12,MTH-01,6.41,5.9,3.75,0.78,7,4,0,48.7,0
2025-09-12,WR-01,42.15,40.78,3.24,1.13,12,2,0,40.4,0
2025-09-12,MTH-01,15.91,19.59,2.34,0.8,2,4,0,41.6,0
2025-09-12,MTH-02,55.24,51.93,1.59,1.29,10,4,0,70.9,1
2025-09-12,VSV-01,2.71,2.63,1.22,0.63,2,2,0,13.6,0
2025-09-13,WR-01,86.24,87.22,3.83,1.81,19,2,0,76.6,1
2025-09-13,MLD-01,12.52,10.75,3.62,0.81,25,3,0,44.6,0
2025-09-13,MTH-01,10.78,9.9,4.53,1.15,26,4,0,71.1,1
2025-09-13,TRM-01,53.59,64.85,1.66,1.27,17,2,0,42.0,0
2025-09-13,MLD-02,0.0,0.0,1.27,0.6,29,3,0,50.1,0
2025-09-13,MTH-01,0.0,0.0,3.2,0.6,9,4,0,31.9,0
2025-09-14,TRM-01,1.46,1.02,1.33,0.62,2,2,1,27.4,0
2025-09-14,MLD-01,21.59,27.29,1.87,0.87,34,3,0,58.4,1
2025-09-14,MHM-01,13.56,9.75,2.04,0.77,4,2,0,20.0,0
2025-09-14,MLD-01,73.18,76.45,1.42,1.51,14,3,0,72.3,1
2025-09-14,WR-01,11.53,8.24,3.69,0.82,8,2,0,22.0,0
2025-09-14,MLD-02,38.87,43.57,4.32,1.41,24,3,0,54.8,0
2025-09-14,MLD-02,22.03,22.83,2.79,0.88,26,3,1,74.6,1
2025-09-15,MTH-02,72.29,76.69,1.56,1.5,18,4,0,77.3,1
2025-09-15,MLD-01,21.66,20.11,2.51,0.87,19,3,0,31.7,0
2025-09-15,MLD-01,48.38,36.72,3.49,1.2,15,3,0,44.0,0
2025-09-15,MTH-02,32.7,40.96,3.98,1.2,8,4,0,44.5,0
2025-09-15,MLD-01,29.12,39.31,4.22,1.25,14,3,0,67.5,1
2025-09-15,WR-01,16.0,14.1,4.29,1.12,1,2,0,30.7,0
2025-09-15,MLD-02,0.37,0.45,4.04,0.82,18,3,0,42.7,0
2025-09-16,WR-01,0.0,0.0,1.31,0.6,6,2,0,14.7,0
2025-09-16,MTH-02,0.0,0.0,1.36,0.6,6,4,0,39.7,0
2025-09-16,MLD-02,6.93,9.38,1.3,0.69,1,3,0,31.0,0
2025-09-16,VSV-01,0.75,0.57,2.05,0.61,21,2,0,19.8,0
2025-09-16,MHM-01,3.01,2.97,2.37,0.64,10,2,0,17.3,0
2025-09-16,MTH-02,0.0,0.0,3.2,0.6,11,4,0,24.5,0
2025-09-17,MLD-01,97.66,82.14,3.6,1.86,12,3,0,74.9,1
2025-09-17,WR-01,64.76,80.08,4.28,1.72,25,2,0,88.8,1
2025-09-17,MTH-01,102.16,133.07,4.59,2.31,24,4,0,112.1,1
2025-09-17,TRM-01,62.03,67.19,2.8,1.38,12,2,0,49.8,0
2025-09-17,MLD-01,111.21,107.28,3.57,2.02,23,3,1,120.0,1
2025-09-17,WR-01,95.4,119.07,2.76,1.79,12,2,0,90.4,1
2025-09-17,MLD-02,87.29,105.05,4.26,1.99,2,3,0,86.5,1
2025-09-18,MLD-02,164.22,184.3,2.2,2.65,26,3,0,125.1,1
2025-09-18,MLD-02,90.72,112.17,1.68,1.73,5,3,1,96.8,1
2025-09-18,MLD-02,81.54,74.76,1.33,1.62,15,3,1,103.0,1
2025-09-18,TRM-01,8.07,6.83,1.35,0.7,23,2,0,32.1,0
2025-09-18,VSV-01,3.15,3.18,1.7,0.64,16,2,0,28.1,0
2025-09-18,MHM-01,10.52,11.53,2.67,0.73,33,2,1,59.0,1
2025-09-18,MLD-02,9.44,10.81,3.14,0.72,34,3,0,47.7,0
2025-09-19,MLD-02,13.81,10.96,3.16,0.77,16,3,1,50.1,0
2025-09-19,MLD-01,23.64,30.62,4.0,1.1,34,3,0,76.7,1
2025-09-19,TRM-01,4.56,4.37,2.36,0.66,27,2,0,34.4,0
2025-09-19,VSV-01,67.03,93.73,4.22,1.73,10,2,0,61.2,1
2025-09-19,TRM-01,11.5,11.98,4.25,1.04,7,2,0,28.5,0
2025-09-19,MLD-02,65.21,47.79,4.2,1.69,34,3,0,71.2,1
2025-09-20,MHM-01,53.0,45.29,3.49,1.26,21,2,0,60.7,1
2025-09-20,WR-01,50.79,70.99,2.66,1.23,21,2,0,56.1,1
2025-09-20,TRM-01,50.94,51.95,1.18,1.24,3,2,0,38.9,0
2025-09-20,MTH-02,46.22,53.41,3.99,1.37,20,4,0,76.9,1
2025-09-20,MLD-01,9.81,10.33,1.26,0.72,31,3,0,44.4,0
2025-09-20,WR-01,55.4,44.66,2.01,1.29,22,2,1,84.5,1
2025-09-20,VSV-01,10.29,10.82,1.26,0.73,16,2,0,32.2,0
2025-09-21,TRM-01,1.3,0.92,4.37,0.96,2,2,0,25.1,0
2025-09-21,MTH-02,12.08,11.24,4.23,1.04,10,4,0,46.4,0
2025-09-21,MLD-02,29.24,31.14,3.91,1.13,9,3,1,75.9,1
2025-09-21,MTH-02,0.0,0.0,2.77,0.6,19,4,0,52.9,0
2025-09-21,MTH-01,0.0,0.0,2.38,0.6,10,4,0,34.6,0
2025-09-21,MTH-01,57.82,54.07,1.64,1.32,23,4,1,94.3,1
2025-09-21,WR-01,4.15,5.69,1.25,0.65,6,2,0,10.5,0
2025-09-22,MLD-02,33.67,28.59,4.03,1.23,4,3,0,46.4,0
2025-09-22,MLD-01,77.98,59.57,3.23,1.57,2,3,0,60.1,1
2025-09-22,TRM-01,0.0,0.0,4.34,0.93,24,2,0,41.3,0
2025-09-22,TRM-01,15.0,13.22,1.67,0.79,21,2,0,31.4,0
2025-09-22,MLD-01,9.54,13.34,1.32,0.72,3,3,0,22.3,0
2025-09-22,VSV-01,76.06,71.07,2.6,1.55,17,2,0,65.2,1
2025-09-23,MTH-02,0.0,0.0,4.38,0.95,27,4,0,41.2,0
2025-09-23,MLD-02,29.23,24.3,3.84,1.1,32,3,0,66.1,1
2025-09-23,MLD-02,15.14,19.55,3.31,0.79,29,3,0,42.5,0
2025-09-23,VSV-01,19.5,23.45,2.36,0.84,9,2,0,28.0,0
2025-09-23,WR-01,0.0,0.0,1.88,0.6,30,2,0,54.2,0
2025-09-23,MLD-02,5.92,7.83,1.25,0.67,31,3,0,38.9,0
2025-09-23,MLD-02,2.33,1.8,1.18,0.63,7,3,0,26.8,0
2025-09-24,VSV-01,81.62,102.85,3.54,1.64,25,2,0,70.8,1
2025-09-24,MLD-01,9.83,11.72,4.15,0.98,24,3,0,41.4,0
2025-09-24,MTH-01,22.11,23.91,4.34,1.21,17,4,0,58.4,1
2025-09-24,WR-01,115.52,103.36,3.82,2.17,6,2,0,76.2,1
2025-09-24,MTH-02,38.21,37.59,2.79,1.08,34,4,1,70.1,1
2025-09-24,MLD-02,78.06,93.51,1.76,1.58,15,3,0,75.1,1
2025-09-24,MTH-02,5.38,7.29,4.04,0.88,12,4,0,49.2,0
2025-09-25,MLD-02,33.44,23.7,2.8,1.02,17,3,0,50.1,0
2025-09-25,MTH-01,37.11,31.84,2.2,1.06,22,4,0,57.0,1
2025-09-25,MHM-01,50.5,64.2,1.56,1.23,13,2,0,43.9,0
2025-09-25,MTH-01,9.15,9.17,1.24,0.71,7,4,1,43.6,0
2025-09-25,MTH-02,22.97,24.42,1.0,0.89,32,4,0,57.5,1
2025-09-25,MTH-02,3.36,3.44,1.82,0.64,27,4,0,49.8,0
2025-09-26,MHM-01,0.0,0.0,4.05,0.82,34,2,0,42.0,0
2025-09-26,VSV-01,29.69,23.12,3.14,0.97,4,2,0,38.0,0
2025-09-26,TRM-01,0.0,0.0,4.14,0.86,27,2,1,71.3,1
2025-09-26,WR-01,0.0,0.0,3.99,0.8,5,2,0,41.2,0
2025-09-26,VSV-01,17.08,13.55,4.11,1.06,33,2,1,79.6,1
2025-09-26,MTH-01,24.11,24.61,3.2,0.9,30,4,0,57.6,1
2025-09-26,WR-01,41.2,50.98,2.52,1.12,29,2,0,48.4,0
2025-09-27,WR-01,42.53,52.09,2.64,1.13,26,2,0,62.7,1
2025-09-27,MLD-02,9.21,12.45,1.63,0.72,3,3,0,25.0,0
2025-09-27,TRM-01,12.22,9.02,1.06,0.75,31,2,0,17.7,0
2025-09-27,WR-01,25.78,19.9,3.58,0.95,2,2,0,31.5,0
2025-09-27,MTH-02,0.0,0.0,1.96,0.6,31,4,0,55.2,1
2025-09-27,VSV-01,4.16,5.63,2.59,0.65,31,2,0,38.3,0
2025-09-27,MTH-01,62.99,63.46,1.28,1.39,18,4,1,90.5,1
2025-09-28,WR-01,14.47,15.93,4.05,1.0,7,2,1,41.1,0
2025-09-28,TRM-01,3.21,3.67,4.77,1.15,29,2,0,57.7,1
2025-09-28,MHM-01,27.24,33.43,4.33,1.27,22,2,0,60.6,1
2025-09-28,MTH-01,46.37,33.03,3.73,1.27,14,4,0,56.6,1
2025-09-28,MTH-01,7.05,7.87,3.07,0.69,28,4,0,58.0,1
2025-09-28,TRM-01,26.49,22.36,2.04,0.93,2,2,0,25.2,0
2025-09-29,MTH-02,86.73,85.32,3.14,1.68,23,4,0,76.4,1
2025-09-29,MHM-01,132.72,176.12,4.0,2.46,7,2,0,102.0,1
2025-09-29,VSV-01,95.21,82.17,2.55,1.79,11,2,0,62.3,1
2025-09-29,VSV-01,128.13,108.68,1.82,2.2,28,2,0,91.8,1
2025-09-29,VSV-01,56.33,56.46,1.39,1.3,11,2,1,67.5,1
2025-09-29,WR-01,91.96,106.88,1.3,1.75,20,2,0,86.8,1
2025-09-29,TRM-01,77.49,82.06,1.34,1.57,6,2,0,50.7,0
2025-09-30,MTH-02,8.51,9.72,1.5,0.71,5,4,0,18.5,0
2025-09-30,MTH-01,0.0,0.0,2.59,0.6,19,4,0,32.3,0
2025-09-30,WR-01,2.3,1.96,3.34,0.63,9,2,0,-2.6,0
2025-09-30,MTH-02,11.7,15.9,1.23,0.75,18,4,0,62.4,1
2025-09-30,MTH-01,104.97,111.19,4.32,2.24,24,4,0,106.8,1
2025-09-30,MLD-02,128.09,150.34,4.21,2.48,30,3,1,142.4,1
2025-09-30,MLD-02,134.46,102.29,3.87,2.43,16,3,0,99.2,1
2025-10-01,MTH-01,0.0,0.0,1.02,0.6,29,4,0,34.7,0
2025-10-01,MLD-02,22.59,18.13,1.45,0.88,14,3,0,44.7,0
2025-10-01,MTH-02,20.38,15.8,2.92,0.85,25,4,0,46.7,0
2025-10-01,TRM-01,3.63,4.22,3.79,0.76,5,2,0,23.5,0
2025-10-01,MTH-01,0.0,0.0,3.94,0.77,29,4,0,52.1,0
2025-10-01,MTH-01,3.46,2.64,4.18,0.91,4,4,0,27.9,0
2025-10-02,MTH-02,3.01,4.03,1.59,0.64,22,4,0,32.7,0
2025-10-02,WR-01,1.65,2.01,1.23,0.62,9,2,1,25.2,0
2025-10-02,MTH-02,23.21,30.21,2.0,0.89,12,4,0,34.5,0
2025-10-02,VSV-01,50.82,50.04,1.22,1.24,23,2,0,57.9,1
2025-10-02,MTH-02,2.82,2.58,3.6,0.68,10,4,0,35.2,0
2025-10-02,TRM-01,61.23,48.77,4.3,1.68,31,2,0,69.8,1
2025-10-02,MLD-01,7.53,9.24,2.8,0.69,3,3,0,25.8,0
2025-10-03,MLD-02,0.98,1.0,4.39,0.97,22,3,0,47.9,0
2025-10-03,MTH-02,64.61,81.44,4.61,1.85,27,4,0,98.0,1
2025-10-03,MHM-01,0.0,0.0,3.97,0.79,1,2,1,59.3,1
2025-10-03,MTH-02,16.32,18.64,3.8,0.92,7,4,1,68.0,1
2025-10-03,MLD-01,3.78,5.25,2.3,0.65,8,3,0,23.3,0
2025-10-03,VSV-01,19.73,20.1,1.72,0.85,33,2,0,43.8,0
2025-10-03,MLD-02,0.0,0.0,3.5,0.6,28,3,0,41.3,0
2025-10-04,MTH-01,22.31,22.6,3.18,0.88,15,4,0,52.8,0
2025-10-04,MTH-01,68.13,81.57,2.56,1.45,6,4,0,48.8,0
2025-10-04,VSV-01,19.68,15.28,1.57,0.85,30,2,0,46.8,0
2025-10-04,MTH-01,26.33,29.76,1.12,0.93,24,4,0,49.3,0
2025-10-04,MLD-02,149.56,188.5,1.28,2.47,15,3,0,126.7,1
2025-10-04,MTH-02,67.55,64.6,1.58,1.44,2,4,0,58.9,1
2025-10-05,WR-01,91.56,73.57,3.94,1.92,31,2,0,95.0,1
2025-10-05,WR-01,9.29,12.89,3.75,0.82,2,2,0,50.3,0
2025-10-05,MHM-01,27.72,26.03,4.49,1.34,2,2,1,64.5,1
2025-10-05,MLD-01,70.38,82.08,2.66,1.48,20,3,0,89.4,1
2025-10-05,VSV-01,0.0,0.0,3.43,0.6,23,2,1,37.2,0
2025-10-05,MTH-02,26.93,34.41,2.77,0.94,14,4,0,49.1,0
2025-10-05,MTH-01,9.32,12.7,4.37,1.06,28,4,0,60.4,1
2025-10-06,MTH-02,35.61,30.17,2.32,1.05,1,4,1,62.8,1
2025-10-06,TRM-01,1.71,1.92,1.57,0.62,30,2,1,48.6,0
2025-10-06,WR-01,3.67,2.65,1.26,0.65,20,2,0,19.6,0
2025-10-06,VSV-01,32.19,42.05,1.61,1.0,16,2,1,66.3,1
2025-10-06,MLD-02,4.86,3.41,1.74,0.66,9,3,1,49.9,0
2025-10-06,MHM-01,0.0,0.0,2.66,0.6,5,2,0,11.3,0
2025-10-06,MTH-01,35.33,44.57,3.08,1.04,5,4,1,57.6,1
2025-10-07,VSV-01,27.76,36.47,2.41,0.95,21,2,0,40.8,0
2025-10-07,TRM-01,16.01,17.45,3.31,0.8,30,2,0,37.6,0
2025-10-07,MTH-02,19.82,26.84,4.02,1.06,6,4,0,53.0,0
2025-10-07,MLD-01,39.63,37.2,4.26,1.4,33,3,0,83.0,1
2025-10-07,VSV-01,11.8,9.23,4.13,1.0,15,2,0,38.1,0
2025-10-07,MTH-01,0.96,0.99,4.14,0.87,29,4,0,44.7,0
2025-10-08,MLD-02,4.12,3.42,1.49,0.65,25,3,1,58.5,1
2025-10-08,MLD-02,25.54,22.13,1.02,0.92,1,3,0,32.7,0
2025-10-08,TRM-01,32.93,24.26,1.17,1.01,7,2,0,36.9,0
2025-10-08,MTH-02,10.68,8.89,1.39,0.73,14,4,0,32.6,0
2025-10-08,VSV-01,0.0,0.0,3.04,0.6,32,2,1,58.7,1
2025-10-08,WR-01,3.8,4.53,3.71,0.73,19,2,1,42.9,0
2025-10-08,MLD-02,0.0,0.0,4.25,0.9,30,3,0,55.9,1
2025-10-09,MLD-01,0.0,0.0,2.07,0.6,22,3,0,36.0,0
2025-10-09,MLD-02,5.03,4.4,1.33,0.66,14,3,0,24.9,0
2025-10-09,MLD-01,136.35,112.13,2.82,2.3,14,3,0,102.2,1
2025-10-09,MTH-01,115.69,85.51,1.14,2.05,31,4,0,103.4,1
2025-10-09,MLD-02,0.0,0.0,4.26,0.91,26,3,0,53.6,0
2025-10-09,MLD-02,19.84,23.15,4.44,1.22,26,3,0,61.8,1
2025-10-09,MLD-02,7.57,5.87,3.76,0.8,14,3,0,39.5,0
2025-10-10,WR-01,0.0,0.0,1.02,0.6,15,2,0,28.3,0
2025-10-10,MTH-01,14.36,11.16,1.55,0.78,32,4,0,47.7,0
2025-10-10,MLD-01,0.0,0.0,2.49,0.6,29,3,0,44.7,0
2025-10-10,MLD-01,6.52,6.4,3.28,0.68,8,3,0,22.6,0
2025-10-10,MLD-02,36.5,46.07,3.9,1.22,26,3,1,78.2,1
2025-10-10,MTH-02,7.57,7.45,4.28,1.01,14,4,1,84.1,1
2025-10-11,MTH-02,123.41,133.85,1.48,2.14,33,4,0,124.1,1
2025-10-11,MTH-01,125.57,92.37,1.24,2.17,29,4,0,112.9,1
2025-10-11,MHM-01,162.01,225.77,1.75,2.63,22,2,1,158.3,1
2025-10-11,WR-01,219.04,213.16,4.47,3.73,3,2,0,152.9,1
2025-10-11,MHM-01,88.09,107.32,3.37,1.7,25,2,0,91.6,1
2025-10-11,MHM-01,117.35,135.06,4.09,2.3,7,2,0,98.9,1
2025-10-11,MLD-02,130.22,117.33,2.36,2.23,4,3,0,88.2,1
2025-10-12,MTH-01,70.86,85.49,4.68,1.96,10,4,0,102.8,1
2025-10-12,MLD-01,14.95,16.17,4.14,1.04,10,3,0,43.6,0
2025-10-12,MTH-02,15.9,20.13,4.22,1.09,16,4,0,40.3,0
2025-10-12,MTH-01,9.71,9.97,3.76,0.83,26,4,1,87.9,1
2025-10-12,WR-01,72.43,66.06,2.64,1.51,24,2,0,74.2,1
2025-10-12,MLD-02,123.09,130.01,1.51,2.14,32,3,0,102.9,1
2025-10-12,WR-01,118.76,123.47,3.49,2.08,27,2,1,127.9,1
2025-10-13,VSV-01,0.16,0.13,2.69,0.6,13,2,0,18.2,0
2025-10-13,WR-01,43.73,43.39,2.14,1.15,11,2,0,41.0,0
2025-10-13,MTH-02,29.64,20.9,1.45,0.97,26,4,0,56.3,1
2025-10-13,MTH-01,65.59,60.2,1.29,1.42,17,4,0,68.0,1
2025-10-13,MHM-01,12.02,13.31,1.14,0.75,15,2,1,47.3,0
2025-10-13,MTH-02,25.54,23.93,1.87,0.92,5,4,1,69.0,1
2025-10-14,MHM-01,35.19,37.07,3.28,1.04,34,2,0,55.4,1
2025-10-14,MLD-02,49.37,48.25,3.91,1.38,12,3,0,50.3,0
2025-10-14,VSV-01,6.17,5.68,4.46,1.06,26,2,1,71.2,1
2025-10-14,TRM-01,27.27,35.94,4.4,1.3,17,2,0,54.0,0
2025-10-14,MHM-01,4.19,4.59,3.25,0.65,27,2,0,25.1,0
2025-10-14,MLD-01,0.0,0.0,2.81,0.6,3,3,0,15.8,0
2025-10-14,MTH-01,125.8,112.54,3.65,2.23,23,4,0,108.8,1
2025-10-15,WR-01,0.0,0.0,2.67,0.6,26,2,1,46.5,0
2025-10-15,MHM-01,74.38,97.97,1.99,1.53,20,2,0,71.3,1
2025-10-15,MTH-01,81.47,106.89,1.45,1.62,8,4,0,88.7,1
2025-10-15,MLD-01,1.19,0.95,0.96,0.61,34,3,1,58.0,1
2025-10-15,MTH-02,10.76,9.94,1.33,0.73,20,4,0,57.4,1
2025-10-15,MLD-02,27.89,36.77,2.8,0.95,18,3,0,52.7,0
2025-10-15,MLD-01,0.0,0.0,3.68,0.67,10,3,0,38.3,0
2025-10-16,MTH-02,37.46,31.49,2.95,1.07,11,4,1,67.4,1
2025-10-16,MLD-01,41.15,51.03,2.12,1.11,16,3,0,54.8,0
2025-10-16,MHM-01,1.87,2.58,3.67,0.69,25,2,1,46.6,0
2025-10-16,MTH-02,13.99,17.98,4.16,1.04,10,4,0,46.2,0
2025-10-16,MLD-01,22.83,21.73,4.46,1.27,16,3,0,58.0,1
2025-10-16,WR-01,92.22,110.64,4.16,2.02,12,2,1,115.0,1
2025-10-17,MTH-02,39.94,42.17,1.62,1.1,2,4,1,68.0,1
2025-10-17,MTH-01,0.0,0.0,1.31,0.6,16,4,0,30.6,0
2025-10-17,TRM-01,178.22,127.85,1.24,2.83,13,2,0,117.2,1
2025-10-17,MTH-01,59.93,80.81,1.88,1.35,29,4,1,93.1,1
2025-10-17,MTH-02,21.15,17.59,2.47,0.86,25,4,0,37.9,0
2025-10-17,MTH-01,14.56,11.67,2.99,0.78,13,4,0,35.8,0
2025-10-17,MTH-01,0.0,0.0,3.83,0.73,29,4,0,60.5,1
2025-10-18,MLD-02,1.68,1.79,1.05,0.62,6,3,0,22.6,0
2025-10-18,MHM-01,0.0,0.0,1.78,0.6,21,2,0,31.8,0
2025-10-18,TRM-01,0.94,1.17,2.2,0.61,30,2,0,28.1,0
2025-10-18,VSV-01,18.56,24.45,3.32,0.83,27,2,0,35.6,0
2025-10-18,VSV-01,54.66,41.24,4.03,1.49,20,2,0,63.7,1
2025-10-18,WR-01,28.43,31.05,4.15,1.22,20,2,0,38.1,0
2025-10-18,MTH-02,2.69,2.49,4.4,0.99,5,4,1,58.4,1
2025-10-19,MLD-02,5.32,6.97,1.1,0.67,6,3,0,32.8,0
2025-10-19,MTH-02,31.51,26.46,1.54,0.99,24,4,1,60.1,1
2025-10-19,TRM-01,24.54,30.57,2.74,0.91,12,2,0,33.4,0
2025-10-19,MHM-01,11.14,14.18,3.69,0.82,24,2,0,38.2,0
2025-10-19,MHM-01,19.79,15.03,4.4,1.21,3,2,0,38.4,0
2025-10-19,WR-01,58.04,51.5,4.53,1.74,10,2,1,88.6,1
2025-10-20,MTH-02,9.34,8.49,1.14,0.72,10,4,0,42.1,0
2025-10-20,MTH-02,16.0,18.54,1.3,0.8,29,4,0,49.7,0
2025-10-20,MLD-01,0.0,0.0,1.59,0.6,24,3,0,41.6,0
2025-10-20,MTH-01,49.85,37.99,4.18,1.49,24,4,0,84.1,1
2025-10-20,VSV-01,11.33,10.68,3.03,0.74,24,2,1,57.8,1
2025-10-20,MLD-02,10.15,8.89,3.59,0.76,11,3,0,29.9,0
2025-10-20,MLD-02,33.2,26.77,2.11,1.02,14,3,0,37.9,0
2025-10-21,WR-01,6.52,4.98,4.12,0.93,10,2,0,31.7,0
2025-10-21,VSV-01,36.43,27.43,4.31,1.38,17,2,0,65.8,1
2025-10-21,MTH-02,49.46,49.0,3.94,1.39,7,4,0,58.4,1
2025-10-21,MLD-02,25.58,30.59,3.79,1.04,19,3,0,49.8,0
2025-10-21,VSV-01,21.37,20.68,2.64,0.87,1,2,0,22.9,0
2025-10-21,WR-01,10.02,9.01,1.74,0.73,26,2,0,19.3,0
2025-10-21,TRM-01,2.85,2.45,3.28,0.64,22,2,1,32.6,0
2025-10-22,MLD-01,50.42,52.14,3.04,1.23,22,3,0,55.2,1
2025-10-22,MHM-01,0.0,0.0,2.66,0.6,34,2,0,31.9,0
2025-10-22,MLD-02,0.0,0.0,1.66,0.6,34,3,0,41.1,0
2025-10-22,TRM-01,17.97,19.13,1.08,0.82,21,2,0,41.2,0
2025-10-22,WR-01,0.0,0.0,1.15,0.6,29,2,0,33.5,0
2025-10-22,MTH-02,0.0,0.0,1.63,0.6,4,4,0,-0.3,0
2025-10-23,MTH-02,154.56,195.95,3.63,2.58,12,4,0,123.8,1
2025-10-23,VSV-01,126.31,133.65,2.9,2.18,11,2,1,104.3,1
2025-10-23,MTH-01,117.8,153.33,4.21,2.36,10,4,0,131.6,1
2025-10-23,MLD-02,168.88,213.39,2.83,2.71,10,3,0,136.6,1
2025-10-23,MLD-01,98.24,105.59,4.24,2.13,9,3,0,98.0,1
2025-10-23,MTH-01,98.19,86.59,3.52,1.84,34,4,1,117.8,1
2025-10-23,TRM-01,80.87,62.26,4.42,1.98,9,2,0,72.4,1
2025-10-24,MTH-01,13.22,10.92,2.76,0.77,1,4,1,54.3,0
2025-10-24,MLD-02,3.58,3.58,1.63,0.64,34,3,0,51.7,0
2025-10-24,MTH-02,2.46,2.07,1.15,0.63,2,4,0,37.6,0
2025-10-24,MHM-01,16.48,21.39,3.6,0.84,3,2,0,24.8,0
2025-10-24,MLD-02,92.92,120.66,1.24,1.76,19,3,0,78.1,1
2025-10-24,MLD-02,111.06,133.65,2.18,1.99,31,3,0,117.2,1
2025-10-24,MTH-01,85.57,103.96,1.03,1.67,25,4,0,86.9,1
2025-10-25,MLD-02,8.55,8.92,3.74,0.8,19,3,0,36.6,0
2025-10-25,VSV-01,23.87,21.09,4.41,1.26,30,2,0,62.9,1
2025-10-25,TRM-01,0.0,0.0,4.16,0.87,8,2,0,41.9,0
2025-10-25,MLD-02,21.75,21.5,4.01,1.07,4,3,0,31.7,0
2025-10-25,TRM-01,9.45,10.9,3.43,0.72,13,2,0,37.5,0
2025-10-25,MTH-02,0.0,0.0,2.18,0.6,2,4,0,25.0,0
2025-10-26,WR-01,44.28,54.9,3.69,1.23,9,2,0,48.7,0
2025-10-26,MHM-01,53.77,39.15,4.08,1.5,15,2,0,68.5,1
2025-10-26,MTH-02,20.77,15.42,2.98,0.86,11,4,1,47.0,0
2025-10-26,MLD-02,23.77,21.6,1.75,0.9,7,3,1,48.7,0
2025-10-26,TRM-01,42.92,40.86,1.51,1.14,33,2,0,59.6,1
2025-10-26,MTH-01,54.89,44.07,1.2,1.29,8,4,1,86.9,1
2025-10-26,WR-01,5.21,5.81,1.73,0.67,15,2,0,25.1,0
2025-10-27,MLD-02,0.0,0.0,1.65,0.6,11,3,0,15.4,0
2025-10-27,MLD-01,39.06,43.85,2.08,1.09,4,3,0,44.3,0
2025-10-27,MHM-01,0.0,0.0,2.93,0.6,1,2,0,16.3,0
2025-10-27,MTH-02,155.92,125.91,1.16,2.55,21,4,0,123.5,1
2025-10-27,MHM-01,22.2,16.15,4.3,1.2,7,2,0,39.3,0
2025-10-27,MLD-01,0.0,0.0,4.67,1.07,3,3,0,49.2,0
2025-10-27,VSV-01,8.24,8.85,3.61,0.75,26,2,1,51.1,0
2025-10-28,VSV-01,0.0,0.0,1.33,0.6,32,2,1,50.1,0
2025-10-28,MTH-01,0.0,0.0,1.68,0.6,19,4,0,44.5,0
2025-10-28,WR-01,12.44,16.44,2.8,0.76,26,2,0,22.3,0
2025-10-28,VSV-01,0.0,0.0,3.58,0.63,15,2,1,37.8,0
2025-10-28,MTH-02,2.77,3.73,3.91,0.8,23,4,0,49.0,0
2025-10-28,MHM-01,2.01,2.54,4.38,0.98,23,2,0,52.0,0
2025-10-29,TRM-01,61.83,78.1,1.79,1.37,28,2,1,85.7,1
2025-10-29,TRM-01,0.0,0.0,1.27,0.6,30,2,0,38.8,0
2025-10-29,TRM-01,10.06,12.11,2.45,0.73,15,2,1,56.1,1
2025-10-29,WR-01,4.13,3.83,1.21,0.65,26,2,0,32.2,0
2025-10-29,MLD-01,0.0,0.0,3.85,0.74,10,3,0,34.8,0
2025-10-29,MLD-02,10.88,11.3,4.53,1.15,15,3,1,87.4,1
2025-10-29,WR-01,46.03,53.3,3.26,1.18,10,2,0,30.0,0
2025-10-30,MHM-01,11.16,12.59,4.09,0.98,14,2,0,41.1,0
2025-10-30,MHM-01,31.76,28.63,4.36,1.34,18,2,0,57.2,1
2025-10-30,MTH-01,2.66,2.38,4.21,0.92,19,4,0,61.5,1
2025-10-30,VSV-01,60.9,77.49,3.88,1.51,19,2,1,85.6,1
2025-10-30,MTH-01,0.0,0.0,2.85,0.6,34,4,0,42.6,0
2025-10-30,WR-01,0.0,0.0,1.63,0.6,9,2,0,21.6,0
2025-10-30,MLD-01,22.55,29.85,3.45,0.88,32,3,0,52.6,0
2025-10-31,TRM-01,129.12,160.01,2.96,2.21,17,2,0,88.6,1
2025-10-31,TRM-01,37.41,46.38,1.91,1.07,6,2,0,49.6,0
2025-10-31,MLD-01,0.0,0.0,1.64,0.6,3,3,0,26.1,0
2025-10-31,MTH-01,2.12,2.18,1.35,0.63,26,4,0,35.5,0
2025-10-31,WR-01,0.0,0.0,1.21,0.6,7,2,0,11.3,0
2025-10-31,MLD-02,39.33,40.09,1.68,1.09,6,3,1,60.8,1
2025-11-01,WR-01,25.92,33.8,4.41,1.29,29,2,0,59.2,1
2025-11-01,MLD-01,3.63,4.84,4.04,0.86,26,3,0,31.9,0
2025-11-01,WR-01,25.36,25.46,4.36,1.26,27,2,0,50.4,0
2025-11-01,TRM-01,38.13,35.38,3.23,1.08,22,2,0,56.5,1
2025-11-01,TRM-01,91.35,80.26,3.3,1.74,18,2,0,80.9,1
2025-11-01,MLD-02,0.0,0.0,2.54,0.6,13,3,1,49.7,0
2025-11-01,MTH-01,11.35,8.31,3.66,0.8,3,4,0,40.6,0
2025-11-02,WR-01,0.0,0.0,2.18,0.6,5,2,1,22.8,0
2025-11-02,VSV-01,23.73,17.0,1.91,0.9,30,2,0,41.2,0
2025-11-02,TRM-01,34.77,39.09,1.21,1.03,28,2,0,50.6,0
2025-11-02,MHM-01,43.78,56.89,0.92,1.15,24,2,1,81.5,1
2025-11-02,MTH-01,0.0,0.0,1.67,0.6,19,4,0,39.0,0
2025-11-02,TRM-01,89.87,113.33,2.59,1.72,17,2,0,84.5,1
2025-11-02,MLD-02,63.61,81.61,3.72,1.48,15,3,0,65.7,1
2025-11-03,MTH-01,0.0,0.0,2.02,0.6,26,4,1,67.8,1
2025-11-03,WR-01,0.0,0.0,3.13,0.6,27,2,0,34.8,0
2025-11-03,MHM-01,66.42,55.57,3.91,1.59,17,2,0,65.2,1
2025-11-03,TRM-01,32.52,27.07,4.02,1.22,21,2,0,54.8,0
2025-11-03,MLD-01,7.61,5.68,4.05,0.91,24,3,0,63.4,1
2025-11-03,MLD-02,16.27,16.88,4.34,1.14,27,3,0,61.3,1
2025-11-04,MTH-02,71.35,82.64,1.35,1.49,21,4,0,76.5,1
2025-11-04,TRM-01,72.64,86.14,0.93,1.51,13,2,1,86.9,1
2025-11-04,MHM-01,75.4,66.02,1.47,1.54,22,2,0,74.9,1
2025-11-04,MHM-01,112.6,101.12,1.95,2.01,31,2,1,106.1,1
2025-11-04,WR-01,109.12,132.82,2.44,1.96,26,2,0,95.1,1
2025-11-04,MTH-01,98.86,79.62,3.35,1.84,3,4,0,52.0,0
2025-11-04,MHM-01,56.27,56.47,4.0,1.5,19,2,0,46.6,0
2025-11-05,TRM-01,5.82,8.13,1.35,0.67,14,2,0,33.7,0
2025-11-05,MTH-01,12.18,14.3,1.62,0.75,3,4,0,34.9,0
2025-11-05,VSV-01,29.46,32.12,2.6,0.97,31,2,0,38.2,0
2025-11-05,MTH-02,85.04,92.53,4.61,2.11,10,4,0,101.8,1
2025-11-05,VSV-01,94.12,77.97,4.15,2.04,1,2,0,71.7,1
2025-11-05,MTH-02,121.77,101.69,4.39,2.48,15,4,0,106.8,1
2025-11-05,TRM-01,50.21,35.34,3.24,1.23,27,2,0,65.8,1
2025-11-06,MTH-01,8.55,10.99,1.4,0.71,33,4,0,63.6,1
2025-11-06,TRM-01,0.0,0.0,1.16,0.6,13,2,0,23.3,0
2025-11-06,VSV-01,0.0,0.0,2.5,0.6,34,2,0,28.0,0
2025-11-06,MLD-01,14.2,13.96,3.46,0.78,5,3,0,44.4,0
2025-11-06,TRM-01,41.13,31.94,3.91,1.28,30,2,0,50.8,0
2025-11-06,VSV-01,0.0,0.0,4.34,0.94,8,2,0,36.8,0
2025-11-07,MTH-02,33.64,46.18,1.06,1.02,4,4,0,47.4,0
2025-11-07,MLD-02,44.08,56.49,1.32,1.15,19,3,0,54.6,0
2025-11-07,MHM-01,8.57,11.02,1.51,0.71,21,2,0,21.5,0
2025-11-07,MLD-02,45.1,35.52,4.26,1.47,26,3,0,63.2,1
2025-11-07,MLD-02,33.63,42.0,3.14,1.02,16,3,0,41.8,0
2025-11-07,MHM-01,6.09,6.84,3.75,0.78,31,2,0,32.5,0
2025-11-07,WR-01,38.62,46.58,2.28,1.08,2,2,0,33.2,0
2025-11-08,TRM-01,30.65,35.96,4.33,1.32,8,2,0,65.8,1
2025-11-08,TRM-01,15.66,11.78,4.02,1.01,16,2,0,36.7,0
2025-11-08,WR-01,2.09,2.83,4.69,1.1,33,2,0,53.9,0
2025-11-08,VSV-01,4.0,4.85,4.18,0.92,16,2,1,66.2,1
2025-11-08,MLD-01,22.9,21.64,3.16,0.89,11,3,0,26.0,0
2025-11-08,TRM-01,26.53,28.64,2.54,0.93,32,2,0,35.4,0
2025-11-08,MLD-01,0.0,0.0,1.93,0.6,17,3,0,29.7,0
2025-11-09,MTH-02,56.04,71.01,3.08,1.3,5,4,0,57.9,1
2025-11-09,MLD-01,0.44,0.49,2.44,0.61,16,3,0,34.5,0
2025-11-09,MHM-01,6.48,5.5,1.62,0.68,25,2,0,27.0,0
2025-11-09,WR-01,2.88,2.92,1.47,0.64,27,2,0,24.1,0
2025-11-09,VSV-01,26.59,20.33,1.09,0.93,22,2,0,49.9,0
2025-11-09,MLD-02,0.0,0.0,1.56,0.6,17,3,0,22.1,0
2025-11-10,VSV-01,15.12,20.48,2.68,0.79,1,2,1,46.6,0
2025-11-10,MTH-02,52.34,49.18,3.77,1.36,8,4,0,75.7,1
2025-11-10,MHM-01,37.13,38.99,4.03,1.28,16,2,0,46.1,0
2025-11-10,WR-01,110.09,128.49,2.78,1.98,23,2,0,88.7,1
2025-11-10,MHM-01,0.0,0.0,4.32,0.93,22,2,0,46.5,0
2025-11-10,MTH-02,11.74,10.95,3.33,0.75,22,4,0,42.1,0
2025-11-10,VSV-01,34.09,41.84,4.54,1.44,7,2,0,66.0,1
2025-11-11,MHM-01,0.0,0.0,1.79,0.6,31,2,1,66.2,1
2025-11-11,TRM-01,7.79,6.75,2.36,0.7,23,2,0,30.1,0
2025-11-11,MTH-01,4.09,5.72,1.41,0.65,14,4,0,47.2,0
2025-11-11,MTH-02,0.0,0.0,3.26,0.6,1,4,1,43.8,0
2025-11-11,MLD-01,0.2,0.22,1.61,0.6,28,3,0,49.9,0
2025-11-11,MLD-01,0.3,0.33,2.42,0.6,30,3,0,40.7,0
2025-11-11,MLD-01,54.95,60.87,1.2,1.29,26,3,0,58.0,1
2025-11-12,WR-01,18.44,24.89,3.94,1.01,17,2,0,37.6,0
2025-11-12,MLD-01,40.99,33.85,4.33,1.45,2,3,1,82.4,1
2025-11-12,WR-01,18.23,19.36,4.43,1.2,24,2,0,67.4,1
2025-11-12,TRM-01,0.0,0.0,3.87,0.75,2,2,0,20.3,0
2025-11-12,MLD-02,0.0,0.0,3.25,0.6,33,3,0,31.1,0
2025-11-12,WR-01,3.51,4.62,2.46,0.64,15,2,1,47.3,0
2025-11-13,VSV-01,11.94,13.96,4.01,0.95,31,2,0,35.5,0
2025-11-13,MTH-01,0.0,0.0,3.5,0.6,33,4,1,62.9,1
2025-11-13,TRM-01,19.39,21.02,2.75,0.84,3,2,0,14.3,0
2025-11-13,TRM-01,8.91,10.69,1.93,0.71,32,2,0,49.4,0
2025-11-13,TRM-01,6.39,4.59,1.38,0.68,13,2,0,19.4,0
2025-11-13,MLD-01,0.0,0.0,1.58,0.6,1,3,0,20.4,0
2025-11-13,WR-01,0.0,0.0,1.21,0.6,22,2,0,25.0,0
2025-11-14,WR-01,27.96,27.07,2.2,0.95,13,2,1,66.4,1
2025-11-14,MTH-02,26.92,34.73,1.61,0.94,18,4,1,72.3,1
2025-11-14,MTH-01,8.95,8.8,2.99,0.71,1,4,1,51.6,0
2025-11-14,MLD-02,0.0,0.0,1.32,0.6,19,3,0,26.9,0
2025-11-14,VSV-01,7.61,8.45,4.46,1.08,32,2,0,63.6,1
2025-11-14,WR-01,14.77,19.07,4.33,1.12,18,2,0,35.9,0
2025-11-14,MTH-02,9.86,11.93,3.88,0.88,11,4,0,44.1,0
2025-11-15,MTH-02,18.7,18.43,1.42,0.83,31,4,1,79.5,1
2025-11-15,TRM-01,18.95,18.6,1.59,0.84,18,2,0,30.5,0
2025-11-15,MTH-01,0.0,0.0,2.49,0.6,29,4,0,51.2,0
2025-11-15,MLD-02,2.11,2.05,3.51,0.63,26,3,0,32.2,0
2025-11-15,MLD-02,18.26,19.09,3.85,0.97,18,3,0,58.4,1
2025-11-15,VSV-01,18.71,23.91,4.3,1.15,28,2,0,54.0,0
2025-11-16,MLD-02,211.53,265.02,1.03,3.24,19,3,1,190.3,1
2025-11-16,MHM-01,74.6,104.34,1.59,1.53,17,2,0,76.9,1
2025-11-16,MLD-01,79.38,60.84,1.62,1.59,15,3,0,77.9,1
2025-11-16,MTH-01,129.08,93.75,2.31,2.21,3,4,0,82.7,1
2025-11-16,MLD-02,71.67,64.83,4.05,1.71,11,3,0,82.4,1
2025-11-16,WR-01,81.92,108.09,4.14,1.88,23,2,0,91.7,1
2025-11-16,MTH-01,119.51,147.99,3.08,2.09,29,4,0,94.1,1
2025-11-17,MHM-01,133.02,170.07,1.61,2.26,24,2,1,141.6,1
2025-11-17,MLD-02,117.89,84.68,2.93,2.07,19,3,0,102.0,1
2025-11-17,MLD-01,68.15,48.6,3.42,1.45,13,3,0,46.7,0
2025-11-17,MHM-01,21.76,26.72,3.88,1.02,10,2,0,34.7,0
2025-11-17,TRM-01,11.91,14.94,4.47,1.14,22,2,0,58.6,1
2025-11-17,MLD-01,5.59,4.37,4.11,0.91,4,3,0,30.2,0
2025-11-17,MTH-02,0.0,0.0,3.62,0.65,26,4,1,68.1,1
2025-11-18,MTH-02,8.3,10.43,1.19,0.7,10,4,0,44.0,0
2025-11-18,MHM-01,104.17,92.48,1.62,1.9,31,2,1,107.6,1
2025-11-18,TRM-01,11.97,14.62,1.31,0.75,11,2,0,30.9,0
2025-11-18,MHM-01,3.89,4.69,1.44,0.65,32,2,0,28.3,0
2025-11-18,WR-01,11.65,13.34,2.27,0.75,8,2,0,15.8,0
2025-11-18,MHM-01,7.66,9.42,3.09,0.7,27,2,1,47.1,0
2025-11-19,VSV-01,29.76,29.97,2.53,0.97,12,2,0,31.5,0
2025-11-19,MLD-02,9.19,8.6,3.26,0.71,28,3,0,28.6,0
2025-11-19,MLD-02,3.32,4.53,3.96,0.82,16,3,0,36.7,0
2025-11-19,MTH-02,2.72,2.15,4.3,0.95,23,4,0,56.9,1
2025-11-19,MTH-02,21.33,23.67,4.31,1.19,23,4,0,48.2,0
2025-11-19,MLD-02,1.74,1.34,4.13,0.87,33,3,0,61.7,1
2025-11-19,WR-01,0.0,0.0,3.25,0.6,29,2,0,39.2,0
2025-11-20,TRM-01,29.04,33.44,3.65,1.02,6,2,0,35.1,0
2025-11-20,WR-01,0.0,0.0,2.81,0.6,10,2,0,23.3,0
2025-11-20,MLD-02,2.45,3.05,1.59,0.63,5,3,0,24.6,0
2025-11-20,VSV-01,20.31,25.5,1.11,0.85,26,2,0,38.3,0
2025-11-20,MTH-02,14.39,13.14,1.06,0.78,9,4,0,33.7,0
2025-11-20,MTH-02,119.46,116.14,1.57,2.09,2,4,0,95.7,1
2025-11-20,MLD-01,5.81,7.78,2.7,0.67,1,3,0,19.3,0
2025-11-21,VSV-01,37.56,35.91,4.27,1.38,4,2,1,62.4,1
2025-11-21,VSV-01,0.0,0.0,4.56,1.03,6,2,0,35.7,0
2025-11-21,VSV-01,18.77,19.44,4.51,1.24,17,2,0,51.2,0
2025-11-21,MHM-01,0.0,0.0,3.94,0.78,26,2,0,46.3,0
2025-11-21,MHM-01,25.15,33.63,2.9,0.91,19,2,0,45.7,0
2025-11-21,MTH-02,4.54,3.65,1.83,0.66,6,4,0,34.6,0
2025-11-22,MHM-01,39.64,44.13,3.98,1.29,5,2,1,62.0,1
2025-11-22,MLD-01,19.4,26.83,3.21,0.84,15,3,0,52.6,0
2025-11-22,MLD-02,31.31,42.27,2.41,0.99,15,3,0,51.2,0
2025-11-22,TRM-01,0.0,0.0,1.72,0.6,13,2,0,15.0,0
2025-11-22,VSV-01,77.17,79.27,1.33,1.56,7,2,0,62.1,1
2025-11-22,VSV-01,18.44,21.73,1.19,0.83,26,2,0,32.1,0
2025-11-22,TRM-01,58.95,71.46,1.64,1.34,19,2,0,57.1,1
2025-11-23,TRM-01,0.0,0.0,1.89,0.6,11,2,1,27.7,0
2025-11-23,TRM-01,19.89,21.17,2.49,0.85,31,2,1,78.4,1
2025-11-23,MHM-01,20.42,22.94,3.48,0.86,14,2,0,32.5,0
2025-11-23,TRM-01,0.0,0.0,1.37,0.6,28,2,1,51.9,0
2025-11-23,TRM-01,20.02,26.82,4.16,1.11,26,2,1,89.1,1
2025-11-23,WR-01,0.0,0.0,4.09,0.83,5,2,0,19.2,0
2025-11-23,MTH-01,106.02,119.76,4.04,2.14,31,4,0,109.9,1
2025-11-24,TRM-01,36.31,46.81,1.45,1.05,2,2,1,68.3,1
2025-11-24,TRM-01,38.47,33.9,1.39,1.08,12,2,0,46.0,0
2025-11-24,WR-01,0.51,0.48,2.84,0.61,18,2,0,2.7,0
2025-11-24,MTH-02,21.02,20.53,3.69,0.94,27,4,1,75.8,1
2025-11-24,MHM-01,14.13,11.18,4.01,0.98,30,2,1,74.6,1
2025-11-24,TRM-01,0.0,0.0,4.38,0.95,6,2,0,41.4,0
2025-11-25,MLD-02,11.6,14.54,1.09,0.75,1,3,0,29.2,0
2025-11-25,MHM-01,9.16,11.18,1.02,0.71,11,2,0,35.7,0
2025-11-25,MTH-01,41.9,33.22,1.49,1.12,21,4,0,47.6,0
2025-11-25,TRM-01,10.83,13.54,4.34,1.07,11,2,0,40.8,0
2025-11-25,MHM-01,0.0,0.0,3.04,0.6,9,2,0,17.8,0
2025-11-25,MTH-01,1.15,1.06,2.21,0.61,6,4,0,15.9,0
2025-11-25,TRM-01,38.05,48.52,3.52,1.08,26,2,0,53.7,0
2025-11-26,MLD-02,3.19,2.74,3.85,0.78,5,3,1,49.7,0
2025-11-26,MLD-01,0.0,0.0,1.89,0.6,23,3,0,19.4,0
2025-11-26,WR-01,18.14,21.22,2.32,0.83,7,2,0,36.0,0
2025-11-26,VSV-01,84.6,101.6,3.38,1.66,29,2,0,88.0,1
2025-11-26,MHM-01,7.8,7.19,3.99,0.89,14,2,0,35.7,0
2025-11-26,MLD-02,48.27,48.11,4.03,1.42,23,3,0,71.9,1
2025-11-26,MTH-02,0.0,0.0,4.58,1.03,3,4,0,50.5,0
2025-11-27,MHM-01,34.83,37.37,1.6,1.04,27,2,0,49.9,0
2025-11-27,VSV-01,32.6,27.34,1.16,1.01,29,2,0,51.1,0
2025-11-27,VSV-01,5.38,4.68,1.38,0.67,13,2,0,21.2,0
2025-11-27,VSV-01,0.0,0.0,3.18,0.6,32,2,0,33.3,0
2025-11-27,WR-01,0.96,0.9,2.61,0.61,15,2,0,32.2,0
2025-11-27,TRM-01,0.0,0.0,1.84,0.6,33,2,0,20.5,0
2025-11-28,VSV-01,156.08,189.38,4.2,2.83,21,2,0,134.5,1
2025-11-28,MLD-01,128.07,118.28,3.7,2.28,5,3,1,123.0,1
2025-11-28,MLD-02,71.44,71.33,2.9,1.49,9,3,0,64.4,1
2025-11-28,MTH-01,221.46,241.15,4.32,3.7,15,4,0,168.1,1
2025-11-28,WR-01,120.16,164.54,3.72,2.19,7,2,0,102.3,1
2025-11-28,MLD-01,65.41,58.7,2.61,1.42,29,3,0,69.8,1
2025-11-28,MTH-01,65.06,82.45,4.14,1.67,29,4,0,85.4,1
2025-11-29,MTH-01,80.4,81.27,2.41,1.61,3,4,0,68.1,1
2025-11-29,VSV-01,38.97,35.27,1.75,1.09,5,2,0,30.1,0
2025-11-29,MLD-02,18.18,17.26,1.15,0.83,9,3,0,27.8,0
2025-11-29,WR-01,26.7,21.92,3.2,0.93,26,2,1,62.9,1
2025-11-29,MLD-02,183.76,213.75,1.5,2.9,24,3,0,142.5,1
2025-11-29,TRM-01,121.37,162.23,2.18,2.12,28,2,1,124.0,1
2025-11-29,MHM-01,113.55,143.27,1.13,2.02,15,2,0,88.9,1
2025-11-30,MLD-01,55.56,47.51,3.67,1.36,23,3,0,46.2,0
2025-11-30,MTH-01,15.15,17.72,4.47,1.18,11,4,0,57.4,1
2025-11-30,MTH-01,7.8,7.65,4.35,1.04,26,4,0,60.3,1
2025-11-30,MTH-02,54.23,56.47,3.86,1.42,10,4,0,70.4,1
2025-11-30,MHM-01,6.18,6.16,3.41,0.68,14,2,0,26.1,0
2025-11-30,MLD-02,34.85,36.87,2.36,1.04,28,3,0,58.1,1
2025-12-01,MLD-02,9.9,8.51,2.53,0.72,4,3,0,36.6,0
2025-12-01,MLD-02,69.91,95.97,4.14,1.73,19,3,0,86.4,1
2025-12-01,MTH-01,14.21,12.99,1.56,0.78,12,4,0,46.6,0
2025-12-01,MHM-01,9.06,12.39,3.65,0.77,19,2,1,54.6,0
2025-12-01,MLD-01,12.63,10.96,1.32,0.76,3,3,0,35.6,0
2025-12-01,MLD-01,23.33,29.95,1.67,0.89,26,3,0,58.2,1
2025-12-01,MLD-01,21.12,23.71,1.18,0.86,4,3,0,43.9,0
2025-12-02,TRM-01,61.2,79.83,1.37,1.36,34,2,0,76.1,1
2025-12-02,MLD-01,12.23,11.55,2.36,0.75,33,3,0,50.4,0
2025-12-02,MLD-01,4.71,3.32,2.87,0.66,8,3,0,25.3,0
2025-12-02,MTH-02,25.55,25.51,1.51,0.92,25,4,0,57.1,1
2025-12-02,TRM-01,60.73,84.98,4.48,1.75,19,2,0,73.0,1
2025-12-02,MTH-02,15.11,16.35,4.79,1.3,17,4,0,67.8,1
2025-12-02,WR-01,5.37,6.03,3.65,0.73,33,2,0,38.7,0
2025-12-03,VSV-01,34.23,29.23,1.45,1.03,12,2,0,35.6,0
2025-12-03,MTH-01,1.77,1.68,1.63,0.62,8,4,0,27.3,0
2025-12-03,VSV-01,11.95,11.6,2.47,0.75,8,2,0,26.0,0
2025-12-03,MHM-01,20.61,20.47,3.18,0.86,12,2,0,30.7,0
2025-12-03,MLD-02,35.04,36.32,3.99,1.23,17,3,1,83.0,1
2025-12-03,MLD-01,7.55,6.41,4.56,1.12,22,3,0,50.3,0
2025-12-04,MTH-02,30.31,30.49,1.14,0.98,18,4,1,73.3,1
2025-12-04,TRM-01,35.47,37.06,1.08,1.04,8,2,0,34.3,0
2025-12-04,MTH-02,31.89,24.29,1.86,1.0,17,4,0,54.6,0
2025-12-04,MTH-02,41.79,38.6,2.44,1.12,8,4,1,65.5,1
2025-12-04,MHM-01,29.16,27.34,3.23,0.96,14,2,0,32.4,0
2025-12-04,TRM-01,0.0,0.0,3.88,0.75,22,2,0,27.4,0
2025-12-04,MHM-01,0.0,0.0,4.22,0.89,22,2,1,54.6,0
2025-12-05,MTH-01,18.86,24.47,4.31,1.16,18,4,1,82.2,1
2025-12-05,MTH-02,75.49,55.06,4.8,2.06,30,4,0,105.6,1
2025-12-05,TRM-01,16.39,21.14,4.06,1.03,27,2,1,72.2,1
2025-12-05,MTH-02,24.98,25.16,3.64,0.97,9,4,0,47.5,0
2025-12-05,MLD-01,0.0,0.0,2.72,0.6,7,3,0,21.7,0
2025-12-05,WR-01,1.91,2.04,1.6,0.62,7,2,0,10.8,0
2025-12-05,MLD-01,2.57,2.92,3.46,0.63,16,3,0,33.9,0
2025-12-06,WR-01,0.0,0.0,2.98,0.6,30,2,0,25.5,0
2025-12-06,MTH-02,45.55,56.88,2.25,1.17,21,4,0,72.4,1
2025-12-06,MLD-01,11.84,14.03,1.74,0.75,12,3,0,40.7,0
2025-12-06,TRM-01,64.62,70.58,1.28,1.41,31,2,1,86.5,1
2025-12-06,WR-01,19.63,19.83,1.3,0.85,16,2,0,33.0,0
2025-12-06,VSV-01,31.13,37.01,1.66,0.99,4,2,0,31.3,0
2025-12-07,VSV-01,50.48,64.98,4.35,1.57,23,2,0,90.2,1
2025-12-07,MTH-01,0.0,0.0,3.76,0.7,34,4,1,68.7,1
2025-12-07,VSV-01,0.0,0.0,4.54,1.02,13,2,0,40.0,0
2025-12-07,WR-01,21.33,24.53,3.04,0.87,15,2,0,26.9,0
2025-12-07,MLD-02,7.72,10.33,3.39,0.7,14,3,0,38.9,0
2025-12-07,MLD-01,105.2,110.01,2.6,1.92,23,3,0,77.9,1
2025-12-07,VSV-01,0.0,0.0,3.76,0.7,14,2,0,23.6,0
2025-12-08,TRM-01,10.72,11.66,2.98,0.73,7,2,0,15.8,0
2025-12-08,VSV-01,18.72,13.98,1.57,0.83,1,2,0,15.4,0
2025-12-08,MHM-01,15.52,15.76,1.22,0.79,21,2,0,32.1,0
2025-12-08,TRM-01,34.37,39.66,3.7,1.11,12,2,0,60.2,1
2025-12-08,TRM-01,2.9,3.2,1.88,0.64,24,2,0,24.6,0
2025-12-08,MTH-01,50.78,68.57,2.59,1.23,22,4,0,67.4,1
2025-12-08,WR-01,6.6,6.11,1.44,0.68,23,2,0,33.5,0
2025-12-09,WR-01,45.57,53.86,3.71,1.25,29,2,1,90.2,1
2025-12-09,TRM-01,17.91,20.37,4.32,1.15,32,2,0,67.2,1
2025-12-09,MHM-01,3.08,3.65,4.27,0.94,20,2,1,71.7,1
2025-12-09,TRM-01,19.26,17.35,3.61,0.88,33,2,0,43.2,0
2025-12-09,WR-01,0.0,0.0,2.77,0.6,28,2,0,36.8,0
2025-12-09,MLD-02,0.0,0.0,2.38,0.6,7,3,1,46.0,0
2025-12-10,VSV-01,134.51,110.92,2.39,2.28,9,2,0,94.1,1
2025-12-10,MTH-01,113.61,120.65,3.48,2.02,12,4,0,91.2,1
2025-12-10,MHM-01,189.35,162.82,1.66,2.97,15,2,0,115.9,1
2025-12-10,MHM-01,170.25,208.07,4.06,2.95,5,2,0,133.5,1
2025-12-10,WR-01,97.08,77.83,1.17,1.81,3,2,0,51.1,0
2025-12-10,MHM-01,106.7,101.87,1.51,1.93,16,2,0,90.3,1
2025-12-10,TRM-01,135.44,143.79,1.33,2.29,14,2,0,108.0,1
2025-12-11,WR-01,170.23,192.11,4.24,3.02,10,2,0,129.3,1
2025-12-11,MHM-01,81.58,109.12,4.36,1.96,34,2,0,110.1,1
2025-12-11,MLD-02,58.73,48.86,4.05,1.55,1,3,0,58.7,1
2025-12-11,MTH-01,30.38,41.33,3.66,1.04,3,4,1,85.4,1
2025-12-11,MLD-01,13.08,14.67,2.79,0.76,32,3,0,42.8,0
2025-12-11,TRM-01,30.56,33.91,1.82,0.98,17,2,0,42.0,0
2025-12-11,TRM-01,27.76,32.63,1.38,0.95,26,2,0,32.7,0
2025-12-12,TRM-01,3.65,3.68,4.6,1.09,26,2,0,63.7,1
2025-12-12,WR-01,7.87,10.8,4.21,0.98,8,2,0,37.7,0
2025-12-12,MHM-01,21.0,24.4,3.7,0.94,18,2,0,38.0,0
2025-12-12,MTH-01,0.74,0.85,2.87,0.61,11,4,0,41.8,0
2025-12-12,VSV-01,13.38,15.15,1.02,0.77,5,2,1,42.5,0
2025-12-12,TRM-01,32.07,31.68,1.37,1.0,2,2,0,17.8,0
2025-12-13,VSV-01,18.19,12.8,3.95,1.01,26,2,0,33.8,0
2025-12-13,MTH-02,12.23,17.05,3.6,0.79,1,4,0,27.8,0
2025-12-13,MHM-01,12.77,13.89,2.95,0.76,6,2,1,55.6,1
2025-12-13,MLD-02,16.61,13.4,1.77,0.81,15,3,0,38.4,0
2025-12-13,WR-01,53.27,56.39,1.36,1.27,3,2,0,42.1,0
2025-12-13,MLD-01,8.18,7.11,1.43,0.7,32,3,0,45.1,0
2025-12-13,WR-01,16.55,22.14,1.33,0.81,33,2,0,36.3,0
2025-12-14,MLD-01,6.25,5.15,4.07,0.91,5,3,0,41.4,0
2025-12-14,MLD-02,7.36,10.25,4.22,0.98,29,3,0,47.5,0
2025-12-14,MHM-01,29.08,30.38,3.96,1.15,21,2,0,57.0,1
2025-12-14,MLD-01,0.0,0.0,4.23,0.89,30,3,0,42.1,0
2025-12-14,MTH-01,13.09,10.29,2.47,0.76,24,4,0,53.2,0
2025-12-14,MLD-02,59.32,80.03,1.89,1.34,12,3,0,61.7,1
2025-12-14,WR-01,22.47,21.06,3.24,0.88,13,2,0,24.8,0
2025-12-15,MTH-02,4.56,4.18,3.59,0.69,14,4,0,40.7,0
2025-12-15,MTH-01,100.02,115.15,2.48,1.85,10,4,0,97.9,1
2025-12-15,TRM-01,21.43,27.31,1.55,0.87,13,2,0,30.0,0
2025-12-15,MTH-02,18.87,19.08,1.47,0.84,6,4,0,51.7,0
2025-12-15,VSV-01,0.0,0.0,1.12,0.6,27,2,0,35.7,0
2025-12-15,TRM-01,0.54,0.67,1.69,0.61,7,2,0,17.4,0
2025-12-16,MLD-01,6.96,9.15,3.04,0.69,22,3,0,40.6,0
2025-12-16,MLD-01,0.0,0.0,3.8,0.72,16,3,0,37.7,0
2025-12-16,TRM-01,19.98,23.71,4.43,1.22,25,2,0,48.1,0
2025-12-16,VSV-01,6.96,8.34,2.93,0.69,24,2,1,54.5,0
2025-12-16,MTH-02,121.75,124.63,4.11,2.36,15,4,0,116.3,1
2025-12-16,VSV-01,38.14,51.99,3.38,1.08,27,2,0,47.0,0
2025-12-16,VSV-01,61.32,65.68,4.35,1.7,29,2,0,72.5,1
2025-12-17,MLD-01,25.6,24.0,1.78,0.92,31,3,0,46.1,0
2025-12-17,MLD-01,23.13,20.82,2.51,0.89,4,3,0,46.7,0
2025-12-17,WR-01,66.65,49.3,1.22,1.43,7,2,0,51.4,0
2025-12-17,VSV-01,9.1,7.52,3.24,0.71,23,2,0,27.0,0
2025-12-17,MLD-01,40.44,51.21,1.63,1.11,28,3,0,49.6,0
2025-12-17,MTH-01,0.85,0.66,2.44,0.61,24,4,0,44.0,0
2025-12-17,VSV-01,50.63,38.27,1.21,1.23,12,2,0,57.8,1
2025-12-18,MTH-01,28.87,21.27,3.94,1.14,29,4,0,62.8,1
2025-12-18,MTH-02,3.6,3.85,4.47,1.03,7,4,0,50.0,0
2025-12-18,VSV-01,9.38,12.8,4.24,1.01,28,2,0,56.5,1
2025-12-18,MLD-02,44.4,56.65,4.05,1.37,11,3,0,55.5,1
2025-12-18,VSV-01,4.84,5.85,3.16,0.66,34,2,0,40.6,0
2025-12-18,VSV-01,8.38,8.66,2.33,0.7,8,2,0,31.9,0
2025-12-19,WR-01,1.77,1.88,4.22,0.91,12,2,0,47.3,0
2025-12-19,TRM-01,0.19,0.25,3.86,0.75,2,2,1,55.5,1
2025-12-19,MTH-02,0.0,0.0,3.14,0.6,20,4,1,60.4,1
2025-12-19,TRM-01,27.78,36.64,1.48,0.95,3,2,0,36.8,0
2025-12-19,MTH-01,124.44,93.72,1.2,2.16,4,4,0,106.5,1
2025-12-19,WR-01,11.13,10.56,1.79,0.74,31,2,0,33.4,0
2025-12-19,MLD-02,3.38,4.06,1.07,0.64,23,3,0,43.2,0
2025-12-20,WR-01,12.44,9.48,4.17,1.02,31,2,0,56.2,1
2025-12-20,VSV-01,0.0,0.0,4.06,0.82,10,2,0,32.8,0
2025-12-20,MTH-02,16.11,15.73,3.86,0.95,27,4,0,44.8,0
2025-12-20,MTH-02,12.29,16.27,2.93,0.75,11,4,0,44.9,0
2025-12-20,MLD-01,20.95,24.5,2.07,0.86,29,3,1,72.5,1
2025-12-20,VSV-01,4.6,5.75,1.32,0.66,26,2,0,17.0,0
2025-12-20,VSV-01,0.0,0.0,1.03,0.6,2,2,0,5.5,0
2025-12-21,TRM-01,14.99,11.83,4.25,1.09,23,2,0,59.8,1
2025-12-21,WR-01,3.98,4.31,3.91,0.81,22,2,0,26.0,0
2025-12-21,MLD-02,8.39,7.86,3.42,0.7,10,3,1,59.0,1
2025-12-21,MTH-01,27.86,29.91,1.53,0.95,33,4,0,52.3,0
2025-12-21,MTH-01,0.0,0.0,1.41,0.6,15,4,0,48.4,0
2025-12-21,MLD-02,14.19,18.13,2.35,0.78,2,3,1,49.6,0
2025-12-22,MHM-01,110.08,147.82,1.49,1.98,24,2,1,120.9,1
2025-12-22,WR-01,122.06,167.18,1.83,2.13,2,2,0,97.3,1
2025-12-22,TRM-01,87.11,116.95,2.65,1.69,19,2,0,62.0,1
2025-12-22,VSV-01,65.12,62.74,1.38,1.41,29,2,0,71.1,1
2025-12-22,MTH-02,88.95,113.8,3.96,1.9,24,4,0,102.4,1
2025-12-22,MTH-02,53.85,44.76,4.36,1.62,24,4,1,112.7,1
2025-12-22,MHM-01,118.79,154.68,3.34,2.08,24,2,1,123.3,1
2025-12-23,TRM-01,102.05,139.61,1.82,1.88,24,2,0,89.4,1
2025-12-23,MTH-02,174.29,235.55,2.7,2.78,3,4,1,145.7,1
2025-12-23,WR-01,53.94,53.31,3.3,1.27,19,2,0,64.8,1
2025-12-23,TRM-01,27.41,31.65,3.9,1.1,2,2,0,23.1,0
2025-12-23,WR-01,19.77,20.44,4.58,1.28,4,2,0,38.3,0
2025-12-23,MLD-02,0.0,0.0,3.88,0.75,3,3,1,42.0,0
2025-12-23,VSV-01,90.7,91.34,3.88,1.88,21,2,1,101.7,1
2025-12-24,MLD-02,0.0,0.0,1.98,0.6,6,3,0,21.8,0
2025-12-24,WR-01,1.78,1.59,1.3,0.62,14,2,1,37.9,0
2025-12-24,MTH-02,30.06,36.52,1.22,0.98,6,4,1,73.8,1
2025-12-24,MLD-02,30.21,38.07,2.01,0.98,12,3,0,41.0,0
2025-12-24,MLD-01,2.35,2.87,3.17,0.63,33,3,1,63.8,1
2025-12-24,MTH-02,14.41,11.51,1.63,0.78,13,4,0,31.6,0
2025-12-25,VSV-01,27.47,19.58,2.63,0.94,8,2,0,20.1,0
2025-12-25,MLD-02,48.47,57.14,3.41,1.21,14,3,0,47.4,0
2025-12-25,TRM-01,69.87,90.06,3.76,1.58,3,2,0,71.9,1
2025-12-25,MLD-02,2.96,2.24,4.38,0.99,9,3,1,59.4,1
2025-12-25,MTH-01,93.99,128.13,4.31,2.1,32,4,0,121.0,1
2025-12-25,MLD-02,3.7,3.82,3.88,0.8,19,3,0,46.0,0
2025-12-25,MTH-02,16.59,23.17,3.52,0.82,17,4,0,35.6,0
2025-12-26,MTH-02,50.63,52.29,3.61,1.27,16,4,0,73.5,1
2025-12-26,MTH-02,53.86,66.54,2.8,1.27,15,4,0,63.8,1
2025-12-26,MLD-02,0.0,0.0,1.51,0.6,32,3,0,39.2,0
2025-12-26,MTH-01,0.0,0.0,1.71,0.6,9,4,0,31.5,0
2025-12-26,WR-01,51.9,70.27,1.17,1.25,1,2,0,42.6,0
2025-12-26,MTH-01,28.31,38.4,2.71,0.95,27,4,1,83.7,1
2025-12-26,WR-01,94.6,97.11,1.12,1.78,7,2,0,55.6,1
2025-12-27,MHM-01,6.3,5.09,2.97,0.68,6,2,0,29.4,0
2025-12-27,MTH-02,9.74,12.93,4.11,0.97,22,4,1,81.8,1
2025-12-27,VSV-01,49.85,69.5,4.55,1.64,12,2,0,62.4,1
2025-12-27,TRM-01,47.74,45.71,4.25,1.5,7,2,0,77.5,1
2025-12-27,MTH-02,0.0,0.0,3.71,0.68,14,4,0,47.1,0
2025-12-27,WR-01,31.49,36.24,2.14,0.99,13,2,1,60.5,1
